seed,alpha,threshold,test_recall,test_precision,Data Source
0,0.05,0.08319,0.971014,0.169907,CDC NHAMCS 2019 ED (n=13595)
0,0.1,0.14642,0.913043,0.180948,CDC NHAMCS 2019 ED (n=13595)
0,0.15,0.189012,0.876812,0.19186,CDC NHAMCS 2019 ED (n=13595)
0,0.2,0.232864,0.821256,0.198251,CDC NHAMCS 2019 ED (n=13595)
0,0.3,0.317131,0.717391,0.22,CDC NHAMCS 2019 ED (n=13595)
1,0.05,0.088646,0.958937,0.170459,CDC NHAMCS 2019 ED (n=13595)
1,0.1,0.151137,0.898551,0.185075,CDC NHAMCS 2019 ED (n=13595)
1,0.15,0.202925,0.84058,0.194958,CDC NHAMCS 2019 ED (n=13595)
1,0.2,0.237002,0.81401,0.20599,CDC NHAMCS 2019 ED (n=13595)
1,0.3,0.324384,0.724638,0.246914,CDC NHAMCS 2019 ED (n=13595)
2,0.05,0.094216,0.951691,0.171379,CDC NHAMCS 2019 ED (n=13595)
2,0.1,0.15787,0.910628,0.184172,CDC NHAMCS 2019 ED (n=13595)
2,0.15,0.218927,0.857488,0.199103,CDC NHAMCS 2019 ED (n=13595)
2,0.2,0.254626,0.826087,0.214152,CDC NHAMCS 2019 ED (n=13595)
2,0.3,0.337975,0.717391,0.243243,CDC NHAMCS 2019 ED (n=13595)
3,0.05,0.094536,0.954106,0.172715,CDC NHAMCS 2019 ED (n=13595)
3,0.1,0.154572,0.929952,0.18483,CDC NHAMCS 2019 ED (n=13595)
3,0.15,0.214142,0.864734,0.196272,CDC NHAMCS 2019 ED (n=13595)
3,0.2,0.267152,0.780193,0.208656,CDC NHAMCS 2019 ED (n=13595)
3,0.3,0.338751,0.700483,0.243902,CDC NHAMCS 2019 ED (n=13595)
4,0.05,0.061334,0.954106,0.165897,CDC NHAMCS 2019 ED (n=13595)
4,0.1,0.125304,0.903382,0.17818,CDC NHAMCS 2019 ED (n=13595)
4,0.15,0.180532,0.864734,0.19446,CDC NHAMCS 2019 ED (n=13595)
4,0.2,0.221127,0.826087,0.205529,CDC NHAMCS 2019 ED (n=13595)
4,0.3,0.314189,0.700483,0.234438,CDC NHAMCS 2019 ED (n=13595)
5,0.05,0.100735,0.944444,0.172475,CDC NHAMCS 2019 ED (n=13595)
5,0.1,0.167094,0.879227,0.188406,CDC NHAMCS 2019 ED (n=13595)
5,0.15,0.222812,0.801932,0.200969,CDC NHAMCS 2019 ED (n=13595)
5,0.2,0.270447,0.731884,0.20911,CDC NHAMCS 2019 ED (n=13595)
5,0.3,0.343013,0.637681,0.23913,CDC NHAMCS 2019 ED (n=13595)
6,0.05,0.103372,0.937198,0.169063,CDC NHAMCS 2019 ED (n=13595)
6,0.1,0.183672,0.857488,0.182238,CDC NHAMCS 2019 ED (n=13595)
6,0.15,0.233366,0.789855,0.191116,CDC NHAMCS 2019 ED (n=13595)
6,0.2,0.2716,0.746377,0.204907,CDC NHAMCS 2019 ED (n=13595)
6,0.3,0.349796,0.654589,0.234429,CDC NHAMCS 2019 ED (n=13595)
7,0.05,0.075522,0.961353,0.173345,CDC NHAMCS 2019 ED (n=13595)
7,0.1,0.152154,0.917874,0.19019,CDC NHAMCS 2019 ED (n=13595)
7,0.15,0.217311,0.862319,0.204702,CDC NHAMCS 2019 ED (n=13595)
7,0.2,0.251733,0.811594,0.21172,CDC NHAMCS 2019 ED (n=13595)
7,0.3,0.330782,0.724638,0.241935,CDC NHAMCS 2019 ED (n=13595)
8,0.05,0.056998,0.980676,0.166189,CDC NHAMCS 2019 ED (n=13595)
8,0.1,0.14224,0.925121,0.184401,CDC NHAMCS 2019 ED (n=13595)
8,0.15,0.183871,0.908213,0.196242,CDC NHAMCS 2019 ED (n=13595)
8,0.2,0.247077,0.84058,0.210526,CDC NHAMCS 2019 ED (n=13595)
8,0.3,0.326306,0.727053,0.237757,CDC NHAMCS 2019 ED (n=13595)
9,0.05,0.09922,0.944444,0.17037,CDC NHAMCS 2019 ED (n=13595)
9,0.1,0.178976,0.896135,0.186808,CDC NHAMCS 2019 ED (n=13595)
9,0.15,0.213616,0.859903,0.194429,CDC NHAMCS 2019 ED (n=13595)
9,0.2,0.257656,0.809179,0.2059,CDC NHAMCS 2019 ED (n=13595)
9,0.3,0.328282,0.700483,0.230892,CDC NHAMCS 2019 ED (n=13595)
10,0.05,0.123794,0.942029,0.175045,CDC NHAMCS 2019 ED (n=13595)
10,0.1,0.183362,0.900966,0.188574,CDC NHAMCS 2019 ED (n=13595)
10,0.15,0.24514,0.838164,0.203638,CDC NHAMCS 2019 ED (n=13595)
10,0.2,0.281384,0.782609,0.213579,CDC NHAMCS 2019 ED (n=13595)
10,0.3,0.359871,0.673913,0.24031,CDC NHAMCS 2019 ED (n=13595)
11,0.05,0.100917,0.949275,0.170351,CDC NHAMCS 2019 ED (n=13595)
11,0.1,0.186814,0.898551,0.191851,CDC NHAMCS 2019 ED (n=13595)
11,0.15,0.236049,0.842995,0.207491,CDC NHAMCS 2019 ED (n=13595)
11,0.2,0.29211,0.746377,0.221347,CDC NHAMCS 2019 ED (n=13595)
11,0.3,0.353274,0.657005,0.242208,CDC NHAMCS 2019 ED (n=13595)
12,0.05,0.105671,0.951691,0.175189,CDC NHAMCS 2019 ED (n=13595)
12,0.1,0.161444,0.92029,0.18927,CDC NHAMCS 2019 ED (n=13595)
12,0.15,0.217961,0.864734,0.20056,CDC NHAMCS 2019 ED (n=13595)
12,0.2,0.270739,0.794686,0.213359,CDC NHAMCS 2019 ED (n=13595)
12,0.3,0.350117,0.722222,0.252321,CDC NHAMCS 2019 ED (n=13595)
13,0.05,0.061918,0.968599,0.166321,CDC NHAMCS 2019 ED (n=13595)
13,0.1,0.14373,0.915459,0.183981,CDC NHAMCS 2019 ED (n=13595)
13,0.15,0.195843,0.855072,0.19376,CDC NHAMCS 2019 ED (n=13595)
13,0.2,0.243949,0.780193,0.202635,CDC NHAMCS 2019 ED (n=13595)
13,0.3,0.325936,0.664251,0.229933,CDC NHAMCS 2019 ED (n=13595)
14,0.05,0.09659,0.934783,0.169514,CDC NHAMCS 2019 ED (n=13595)
14,0.1,0.166372,0.89372,0.181195,CDC NHAMCS 2019 ED (n=13595)
14,0.15,0.208526,0.852657,0.192371,CDC NHAMCS 2019 ED (n=13595)
14,0.2,0.261543,0.78744,0.206329,CDC NHAMCS 2019 ED (n=13595)
14,0.3,0.330225,0.702899,0.232614,CDC NHAMCS 2019 ED (n=13595)
15,0.05,0.112074,0.934783,0.175351,CDC NHAMCS 2019 ED (n=13595)
15,0.1,0.188142,0.855072,0.190425,CDC NHAMCS 2019 ED (n=13595)
15,0.15,0.217929,0.821256,0.199531,CDC NHAMCS 2019 ED (n=13595)
15,0.2,0.26545,0.785024,0.218561,CDC NHAMCS 2019 ED (n=13595)
15,0.3,0.352904,0.671498,0.246673,CDC NHAMCS 2019 ED (n=13595)
16,0.05,0.104298,0.927536,0.170439,CDC NHAMCS 2019 ED (n=13595)
16,0.1,0.157635,0.864734,0.17679,CDC NHAMCS 2019 ED (n=13595)
16,0.15,0.220806,0.799517,0.187535,CDC NHAMCS 2019 ED (n=13595)
16,0.2,0.271811,0.768116,0.206628,CDC NHAMCS 2019 ED (n=13595)
16,0.3,0.361616,0.683575,0.247162,CDC NHAMCS 2019 ED (n=13595)
17,0.05,0.066719,0.975845,0.169038,CDC NHAMCS 2019 ED (n=13595)
17,0.1,0.140672,0.908213,0.180856,CDC NHAMCS 2019 ED (n=13595)
17,0.15,0.185067,0.852657,0.189581,CDC NHAMCS 2019 ED (n=13595)
17,0.2,0.232159,0.792271,0.199513,CDC NHAMCS 2019 ED (n=13595)
17,0.3,0.30269,0.7343,0.231003,CDC NHAMCS 2019 ED (n=13595)
18,0.05,0.075219,0.968599,0.168205,CDC NHAMCS 2019 ED (n=13595)
18,0.1,0.169384,0.89372,0.183441,CDC NHAMCS 2019 ED (n=13595)
18,0.15,0.251768,0.794686,0.199394,CDC NHAMCS 2019 ED (n=13595)
18,0.2,0.290884,0.756039,0.212347,CDC NHAMCS 2019 ED (n=13595)
18,0.3,0.373081,0.642512,0.23964,CDC NHAMCS 2019 ED (n=13595)
19,0.05,0.105517,0.951691,0.173035,CDC NHAMCS 2019 ED (n=13595)
19,0.1,0.154249,0.915459,0.183891,CDC NHAMCS 2019 ED (n=13595)
19,0.15,0.197503,0.862319,0.193391,CDC NHAMCS 2019 ED (n=13595)
19,0.2,0.264291,0.777778,0.209635,CDC NHAMCS 2019 ED (n=13595)
19,0.3,0.341474,0.678744,0.243712,CDC NHAMCS 2019 ED (n=13595)
20,0.05,0.108624,0.949275,0.173663,CDC NHAMCS 2019 ED (n=13595)
20,0.1,0.161517,0.915459,0.188933,CDC NHAMCS 2019 ED (n=13595)
20,0.15,0.208373,0.874396,0.202009,CDC NHAMCS 2019 ED (n=13595)
20,0.2,0.249086,0.833333,0.214153,CDC NHAMCS 2019 ED (n=13595)
20,0.3,0.319014,0.748792,0.24181,CDC NHAMCS 2019 ED (n=13595)
21,0.05,0.08368,0.963768,0.170951,CDC NHAMCS 2019 ED (n=13595)
21,0.1,0.158003,0.903382,0.186907,CDC NHAMCS 2019 ED (n=13595)
21,0.15,0.203637,0.871981,0.201451,CDC NHAMCS 2019 ED (n=13595)
21,0.2,0.242403,0.84058,0.215213,CDC NHAMCS 2019 ED (n=13595)
21,0.3,0.32488,0.719807,0.243067,CDC NHAMCS 2019 ED (n=13595)
22,0.05,0.133576,0.932367,0.175375,CDC NHAMCS 2019 ED (n=13595)
22,0.1,0.205732,0.857488,0.188129,CDC NHAMCS 2019 ED (n=13595)
22,0.15,0.250545,0.78744,0.197098,CDC NHAMCS 2019 ED (n=13595)
22,0.2,0.287942,0.741546,0.207432,CDC NHAMCS 2019 ED (n=13595)
22,0.3,0.348677,0.664251,0.234642,CDC NHAMCS 2019 ED (n=13595)
23,0.05,0.087957,0.949275,0.171167,CDC NHAMCS 2019 ED (n=13595)
23,0.1,0.152268,0.896135,0.183937,CDC NHAMCS 2019 ED (n=13595)
23,0.15,0.205571,0.830918,0.197815,CDC NHAMCS 2019 ED (n=13595)
23,0.2,0.23443,0.801932,0.205192,CDC NHAMCS 2019 ED (n=13595)
23,0.3,0.321662,0.693237,0.23857,CDC NHAMCS 2019 ED (n=13595)
24,0.05,0.109889,0.961353,0.175099,CDC NHAMCS 2019 ED (n=13595)
24,0.1,0.182667,0.915459,0.190357,CDC NHAMCS 2019 ED (n=13595)
24,0.15,0.23181,0.847826,0.201031,CDC NHAMCS 2019 ED (n=13595)
24,0.2,0.281699,0.799517,0.215635,CDC NHAMCS 2019 ED (n=13595)
24,0.3,0.354358,0.671498,0.235593,CDC NHAMCS 2019 ED (n=13595)
25,0.05,0.110981,0.929952,0.169082,CDC NHAMCS 2019 ED (n=13595)
25,0.1,0.180727,0.855072,0.177266,CDC NHAMCS 2019 ED (n=13595)
25,0.15,0.226645,0.811594,0.190801,CDC NHAMCS 2019 ED (n=13595)
25,0.2,0.286708,0.746377,0.210204,CDC NHAMCS 2019 ED (n=13595)
25,0.3,0.35217,0.666667,0.234494,CDC NHAMCS 2019 ED (n=13595)
26,0.05,0.123804,0.956522,0.175221,CDC NHAMCS 2019 ED (n=13595)
26,0.1,0.186176,0.910628,0.192347,CDC NHAMCS 2019 ED (n=13595)
26,0.15,0.244465,0.838164,0.208158,CDC NHAMCS 2019 ED (n=13595)
26,0.2,0.292443,0.799517,0.230984,CDC NHAMCS 2019 ED (n=13595)
26,0.3,0.372629,0.642512,0.257253,CDC NHAMCS 2019 ED (n=13595)
27,0.05,0.089584,0.951691,0.169171,CDC NHAMCS 2019 ED (n=13595)
27,0.1,0.157061,0.905797,0.184275,CDC NHAMCS 2019 ED (n=13595)
27,0.15,0.247498,0.81401,0.210757,CDC NHAMCS 2019 ED (n=13595)
27,0.2,0.283417,0.785024,0.227273,CDC NHAMCS 2019 ED (n=13595)
27,0.3,0.351478,0.688406,0.253785,CDC NHAMCS 2019 ED (n=13595)
28,0.05,0.089161,0.971014,0.170123,CDC NHAMCS 2019 ED (n=13595)
28,0.1,0.172068,0.903382,0.18794,CDC NHAMCS 2019 ED (n=13595)
28,0.15,0.217039,0.847826,0.199092,CDC NHAMCS 2019 ED (n=13595)
28,0.2,0.253987,0.78744,0.211414,CDC NHAMCS 2019 ED (n=13595)
28,0.3,0.350258,0.652174,0.253283,CDC NHAMCS 2019 ED (n=13595)
29,0.05,0.096906,0.944444,0.170966,CDC NHAMCS 2019 ED (n=13595)
29,0.1,0.204664,0.857488,0.19527,CDC NHAMCS 2019 ED (n=13595)
29,0.15,0.229513,0.828502,0.201291,CDC NHAMCS 2019 ED (n=13595)
29,0.2,0.259588,0.777778,0.20641,CDC NHAMCS 2019 ED (n=13595)
29,0.3,0.335371,0.683575,0.235833,CDC NHAMCS 2019 ED (n=13595)
30,0.05,0.08581,0.971014,0.17121,CDC NHAMCS 2019 ED (n=13595)
30,0.1,0.148068,0.905797,0.180723,CDC NHAMCS 2019 ED (n=13595)
30,0.15,0.21407,0.845411,0.195749,CDC NHAMCS 2019 ED (n=13595)
30,0.2,0.260807,0.801932,0.211062,CDC NHAMCS 2019 ED (n=13595)
30,0.3,0.360297,0.669082,0.249325,CDC NHAMCS 2019 ED (n=13595)
31,0.05,0.064609,0.961353,0.169002,CDC NHAMCS 2019 ED (n=13595)
31,0.1,0.152094,0.908213,0.185222,CDC NHAMCS 2019 ED (n=13595)
31,0.15,0.202243,0.869565,0.2,CDC NHAMCS 2019 ED (n=13595)
31,0.2,0.239396,0.84058,0.209512,CDC NHAMCS 2019 ED (n=13595)
31,0.3,0.316686,0.724638,0.225904,CDC NHAMCS 2019 ED (n=13595)
32,0.05,0.135706,0.927536,0.175583,CDC NHAMCS 2019 ED (n=13595)
32,0.1,0.195802,0.89372,0.188199,CDC NHAMCS 2019 ED (n=13595)
32,0.15,0.242706,0.852657,0.203811,CDC NHAMCS 2019 ED (n=13595)
32,0.2,0.28473,0.806763,0.220026,CDC NHAMCS 2019 ED (n=13595)
32,0.3,0.357586,0.683575,0.252904,CDC NHAMCS 2019 ED (n=13595)
33,0.05,0.082412,0.956522,0.167513,CDC NHAMCS 2019 ED (n=13595)
33,0.1,0.164209,0.891304,0.183857,CDC NHAMCS 2019 ED (n=13595)
33,0.15,0.210116,0.850242,0.191408,CDC NHAMCS 2019 ED (n=13595)
33,0.2,0.266607,0.794686,0.20744,CDC NHAMCS 2019 ED (n=13595)
33,0.3,0.35335,0.695652,0.245734,CDC NHAMCS 2019 ED (n=13595)
34,0.05,0.097559,0.94686,0.175156,CDC NHAMCS 2019 ED (n=13595)
34,0.1,0.186383,0.879227,0.190178,CDC NHAMCS 2019 ED (n=13595)
34,0.15,0.232247,0.84058,0.204465,CDC NHAMCS 2019 ED (n=13595)
34,0.2,0.279845,0.794686,0.225342,CDC NHAMCS 2019 ED (n=13595)
34,0.3,0.360175,0.673913,0.251805,CDC NHAMCS 2019 ED (n=13595)
35,0.05,0.087534,0.975845,0.172723,CDC NHAMCS 2019 ED (n=13595)
35,0.1,0.165367,0.934783,0.191584,CDC NHAMCS 2019 ED (n=13595)
35,0.15,0.200647,0.896135,0.197972,CDC NHAMCS 2019 ED (n=13595)
35,0.2,0.25899,0.816425,0.213789,CDC NHAMCS 2019 ED (n=13595)
35,0.3,0.345197,0.714976,0.25784,CDC NHAMCS 2019 ED (n=13595)
36,0.05,0.092511,0.958937,0.169731,CDC NHAMCS 2019 ED (n=13595)
36,0.1,0.162988,0.915459,0.187438,CDC NHAMCS 2019 ED (n=13595)
36,0.15,0.231954,0.855072,0.205934,CDC NHAMCS 2019 ED (n=13595)
36,0.2,0.272634,0.81401,0.220984,CDC NHAMCS 2019 ED (n=13595)
36,0.3,0.350167,0.731884,0.256345,CDC NHAMCS 2019 ED (n=13595)
37,0.05,0.093471,0.942029,0.167095,CDC NHAMCS 2019 ED (n=13595)
37,0.1,0.149043,0.886473,0.179287,CDC NHAMCS 2019 ED (n=13595)
37,0.15,0.217322,0.835749,0.200347,CDC NHAMCS 2019 ED (n=13595)
37,0.2,0.277926,0.76087,0.217241,CDC NHAMCS 2019 ED (n=13595)
37,0.3,0.358836,0.65942,0.25,CDC NHAMCS 2019 ED (n=13595)
38,0.05,0.10875,0.942029,0.172949,CDC NHAMCS 2019 ED (n=13595)
38,0.1,0.176495,0.871981,0.185509,CDC NHAMCS 2019 ED (n=13595)
38,0.15,0.219511,0.816425,0.194141,CDC NHAMCS 2019 ED (n=13595)
38,0.2,0.244044,0.785024,0.199877,CDC NHAMCS 2019 ED (n=13595)
38,0.3,0.332789,0.65942,0.229027,CDC NHAMCS 2019 ED (n=13595)
39,0.05,0.069619,0.971014,0.168979,CDC NHAMCS 2019 ED (n=13595)
39,0.1,0.142836,0.92029,0.182997,CDC NHAMCS 2019 ED (n=13595)
39,0.15,0.185861,0.879227,0.194548,CDC NHAMCS 2019 ED (n=13595)
39,0.2,0.231597,0.816425,0.204724,CDC NHAMCS 2019 ED (n=13595)
39,0.3,0.312516,0.710145,0.232044,CDC NHAMCS 2019 ED (n=13595)
40,0.05,0.096921,0.971014,0.173425,CDC NHAMCS 2019 ED (n=13595)
40,0.1,0.145372,0.954106,0.185446,CDC NHAMCS 2019 ED (n=13595)
40,0.15,0.197876,0.898551,0.1984,CDC NHAMCS 2019 ED (n=13595)
40,0.2,0.250506,0.835749,0.21625,CDC NHAMCS 2019 ED (n=13595)
40,0.3,0.335976,0.724638,0.253378,CDC NHAMCS 2019 ED (n=13595)
41,0.05,0.103365,0.937198,0.170624,CDC NHAMCS 2019 ED (n=13595)
41,0.1,0.155819,0.898551,0.181552,CDC NHAMCS 2019 ED (n=13595)
41,0.15,0.208366,0.852657,0.194705,CDC NHAMCS 2019 ED (n=13595)
41,0.2,0.256649,0.799517,0.212725,CDC NHAMCS 2019 ED (n=13595)
41,0.3,0.323152,0.707729,0.240164,CDC NHAMCS 2019 ED (n=13595)
42,0.05,0.064264,0.978261,0.167079,CDC NHAMCS 2019 ED (n=13595)
42,0.1,0.146585,0.925121,0.180916,CDC NHAMCS 2019 ED (n=13595)
42,0.15,0.173139,0.913043,0.187036,CDC NHAMCS 2019 ED (n=13595)
42,0.2,0.240997,0.842995,0.203736,CDC NHAMCS 2019 ED (n=13595)
42,0.3,0.326385,0.768116,0.241825,CDC NHAMCS 2019 ED (n=13595)
43,0.05,0.080691,0.944444,0.169779,CDC NHAMCS 2019 ED (n=13595)
43,0.1,0.142264,0.910628,0.185806,CDC NHAMCS 2019 ED (n=13595)
43,0.15,0.193395,0.852657,0.194383,CDC NHAMCS 2019 ED (n=13595)
43,0.2,0.237424,0.806763,0.206939,CDC NHAMCS 2019 ED (n=13595)
43,0.3,0.317317,0.729469,0.239683,CDC NHAMCS 2019 ED (n=13595)
44,0.05,0.108379,0.942029,0.173179,CDC NHAMCS 2019 ED (n=13595)
44,0.1,0.160779,0.905797,0.184729,CDC NHAMCS 2019 ED (n=13595)
44,0.15,0.210788,0.847826,0.193923,CDC NHAMCS 2019 ED (n=13595)
44,0.2,0.26114,0.785024,0.208333,CDC NHAMCS 2019 ED (n=13595)
44,0.3,0.321739,0.693237,0.22814,CDC NHAMCS 2019 ED (n=13595)
45,0.05,0.108519,0.963768,0.175,CDC NHAMCS 2019 ED (n=13595)
45,0.1,0.157674,0.929952,0.184211,CDC NHAMCS 2019 ED (n=13595)
45,0.15,0.208356,0.888889,0.195019,CDC NHAMCS 2019 ED (n=13595)
45,0.2,0.25325,0.847826,0.205624,CDC NHAMCS 2019 ED (n=13595)
45,0.3,0.361155,0.7343,0.251656,CDC NHAMCS 2019 ED (n=13595)
46,0.05,0.108681,0.932367,0.171023,CDC NHAMCS 2019 ED (n=13595)
46,0.1,0.17064,0.886473,0.182769,CDC NHAMCS 2019 ED (n=13595)
46,0.15,0.220871,0.838164,0.197721,CDC NHAMCS 2019 ED (n=13595)
46,0.2,0.269551,0.78744,0.214898,CDC NHAMCS 2019 ED (n=13595)
46,0.3,0.355021,0.690821,0.252205,CDC NHAMCS 2019 ED (n=13595)
47,0.05,0.06712,0.971014,0.167221,CDC NHAMCS 2019 ED (n=13595)
47,0.1,0.146067,0.927536,0.186952,CDC NHAMCS 2019 ED (n=13595)
47,0.15,0.186933,0.886473,0.195525,CDC NHAMCS 2019 ED (n=13595)
47,0.2,0.244027,0.833333,0.214419,CDC NHAMCS 2019 ED (n=13595)
47,0.3,0.329408,0.710145,0.242374,CDC NHAMCS 2019 ED (n=13595)
48,0.05,0.073653,0.966184,0.16899,CDC NHAMCS 2019 ED (n=13595)
48,0.1,0.155708,0.900966,0.186221,CDC NHAMCS 2019 ED (n=13595)
48,0.15,0.214498,0.847826,0.201493,CDC NHAMCS 2019 ED (n=13595)
48,0.2,0.259366,0.816425,0.217784,CDC NHAMCS 2019 ED (n=13595)
48,0.3,0.329474,0.7343,0.246353,CDC NHAMCS 2019 ED (n=13595)
49,0.05,0.102025,0.971014,0.172163,CDC NHAMCS 2019 ED (n=13595)
49,0.1,0.186673,0.925121,0.197933,CDC NHAMCS 2019 ED (n=13595)
49,0.15,0.221659,0.886473,0.209595,CDC NHAMCS 2019 ED (n=13595)
49,0.2,0.253113,0.847826,0.221172,CDC NHAMCS 2019 ED (n=13595)
49,0.3,0.324761,0.751208,0.24585,CDC NHAMCS 2019 ED (n=13595)
50,0.05,0.087296,0.956522,0.170396,CDC NHAMCS 2019 ED (n=13595)
50,0.1,0.144942,0.929952,0.182551,CDC NHAMCS 2019 ED (n=13595)
50,0.15,0.205997,0.89372,0.200978,CDC NHAMCS 2019 ED (n=13595)
50,0.2,0.260649,0.828502,0.220579,CDC NHAMCS 2019 ED (n=13595)
50,0.3,0.349546,0.705314,0.263538,CDC NHAMCS 2019 ED (n=13595)
51,0.05,0.107125,0.942029,0.175202,CDC NHAMCS 2019 ED (n=13595)
51,0.1,0.193314,0.864734,0.19237,CDC NHAMCS 2019 ED (n=13595)
51,0.15,0.263195,0.811594,0.215109,CDC NHAMCS 2019 ED (n=13595)
51,0.2,0.300377,0.785024,0.230824,CDC NHAMCS 2019 ED (n=13595)
51,0.3,0.392094,0.615942,0.256539,CDC NHAMCS 2019 ED (n=13595)
52,0.05,0.082067,0.956522,0.16887,CDC NHAMCS 2019 ED (n=13595)
52,0.1,0.17423,0.89372,0.188008,CDC NHAMCS 2019 ED (n=13595)
52,0.15,0.23373,0.833333,0.200698,CDC NHAMCS 2019 ED (n=13595)
52,0.2,0.271104,0.797101,0.216393,CDC NHAMCS 2019 ED (n=13595)
52,0.3,0.365638,0.673913,0.25738,CDC NHAMCS 2019 ED (n=13595)
53,0.05,0.063365,0.983092,0.16846,CDC NHAMCS 2019 ED (n=13595)
53,0.1,0.12467,0.949275,0.183302,CDC NHAMCS 2019 ED (n=13595)
53,0.15,0.176041,0.903382,0.194488,CDC NHAMCS 2019 ED (n=13595)
53,0.2,0.236089,0.828502,0.210947,CDC NHAMCS 2019 ED (n=13595)
53,0.3,0.317999,0.746377,0.2472,CDC NHAMCS 2019 ED (n=13595)
54,0.05,0.103292,0.910628,0.167481,CDC NHAMCS 2019 ED (n=13595)
54,0.1,0.154182,0.86715,0.17676,CDC NHAMCS 2019 ED (n=13595)
54,0.15,0.237737,0.772947,0.19347,CDC NHAMCS 2019 ED (n=13595)
54,0.2,0.292237,0.736715,0.214336,CDC NHAMCS 2019 ED (n=13595)
54,0.3,0.374293,0.647343,0.246777,CDC NHAMCS 2019 ED (n=13595)
55,0.05,0.082248,0.971014,0.168271,CDC NHAMCS 2019 ED (n=13595)
55,0.1,0.144018,0.944444,0.182115,CDC NHAMCS 2019 ED (n=13595)
55,0.15,0.182197,0.92029,0.191361,CDC NHAMCS 2019 ED (n=13595)
55,0.2,0.243743,0.845411,0.20564,CDC NHAMCS 2019 ED (n=13595)
55,0.3,0.362694,0.681159,0.247152,CDC NHAMCS 2019 ED (n=13595)
56,0.05,0.080301,0.951691,0.170711,CDC NHAMCS 2019 ED (n=13595)
56,0.1,0.158143,0.89372,0.187913,CDC NHAMCS 2019 ED (n=13595)
56,0.15,0.219101,0.801932,0.198446,CDC NHAMCS 2019 ED (n=13595)
56,0.2,0.273664,0.76087,0.221675,CDC NHAMCS 2019 ED (n=13595)
56,0.3,0.340052,0.688406,0.249126,CDC NHAMCS 2019 ED (n=13595)
57,0.05,0.090559,0.958937,0.17149,CDC NHAMCS 2019 ED (n=13595)
57,0.1,0.167008,0.891304,0.184592,CDC NHAMCS 2019 ED (n=13595)
57,0.15,0.225434,0.823671,0.197567,CDC NHAMCS 2019 ED (n=13595)
57,0.2,0.264751,0.772947,0.209424,CDC NHAMCS 2019 ED (n=13595)
57,0.3,0.338049,0.647343,0.22616,CDC NHAMCS 2019 ED (n=13595)
58,0.05,0.086322,0.954106,0.168876,CDC NHAMCS 2019 ED (n=13595)
58,0.1,0.15044,0.913043,0.181382,CDC NHAMCS 2019 ED (n=13595)
58,0.15,0.193856,0.881643,0.192409,CDC NHAMCS 2019 ED (n=13595)
58,0.2,0.238383,0.838164,0.201862,CDC NHAMCS 2019 ED (n=13595)
58,0.3,0.332084,0.753623,0.24037,CDC NHAMCS 2019 ED (n=13595)
59,0.05,0.071492,0.97343,0.168549,CDC NHAMCS 2019 ED (n=13595)
59,0.1,0.151777,0.925121,0.185922,CDC NHAMCS 2019 ED (n=13595)
59,0.15,0.204274,0.888889,0.201423,CDC NHAMCS 2019 ED (n=13595)
59,0.2,0.250628,0.845411,0.213545,CDC NHAMCS 2019 ED (n=13595)
59,0.3,0.332309,0.722222,0.242695,CDC NHAMCS 2019 ED (n=13595)
60,0.05,0.090168,0.949275,0.170647,CDC NHAMCS 2019 ED (n=13595)
60,0.1,0.150191,0.917874,0.184466,CDC NHAMCS 2019 ED (n=13595)
60,0.15,0.194694,0.871981,0.195558,CDC NHAMCS 2019 ED (n=13595)
60,0.2,0.240937,0.794686,0.206658,CDC NHAMCS 2019 ED (n=13595)
60,0.3,0.316013,0.719807,0.237261,CDC NHAMCS 2019 ED (n=13595)
61,0.05,0.129348,0.942029,0.175597,CDC NHAMCS 2019 ED (n=13595)
61,0.1,0.188038,0.876812,0.181682,CDC NHAMCS 2019 ED (n=13595)
61,0.15,0.235857,0.845411,0.19943,CDC NHAMCS 2019 ED (n=13595)
61,0.2,0.291445,0.772947,0.217984,CDC NHAMCS 2019 ED (n=13595)
61,0.3,0.369726,0.671498,0.24322,CDC NHAMCS 2019 ED (n=13595)
62,0.05,0.08745,0.963768,0.172354,CDC NHAMCS 2019 ED (n=13595)
62,0.1,0.141723,0.910628,0.180297,CDC NHAMCS 2019 ED (n=13595)
62,0.15,0.204325,0.874396,0.196206,CDC NHAMCS 2019 ED (n=13595)
62,0.2,0.24905,0.842995,0.210241,CDC NHAMCS 2019 ED (n=13595)
62,0.3,0.327571,0.705314,0.231196,CDC NHAMCS 2019 ED (n=13595)
63,0.05,0.112612,0.929952,0.176121,CDC NHAMCS 2019 ED (n=13595)
63,0.1,0.180931,0.881643,0.192816,CDC NHAMCS 2019 ED (n=13595)
63,0.15,0.24924,0.792271,0.207858,CDC NHAMCS 2019 ED (n=13595)
63,0.2,0.289513,0.7343,0.21902,CDC NHAMCS 2019 ED (n=13595)
63,0.3,0.350569,0.664251,0.244662,CDC NHAMCS 2019 ED (n=13595)
64,0.05,0.104776,0.951691,0.175501,CDC NHAMCS 2019 ED (n=13595)
64,0.1,0.193247,0.84058,0.1856,CDC NHAMCS 2019 ED (n=13595)
64,0.15,0.236437,0.794686,0.194215,CDC NHAMCS 2019 ED (n=13595)
64,0.2,0.277832,0.7343,0.203481,CDC NHAMCS 2019 ED (n=13595)
64,0.3,0.351628,0.623188,0.227513,CDC NHAMCS 2019 ED (n=13595)
65,0.05,0.093707,0.942029,0.168685,CDC NHAMCS 2019 ED (n=13595)
65,0.1,0.157788,0.896135,0.180185,CDC NHAMCS 2019 ED (n=13595)
65,0.15,0.218051,0.864734,0.200785,CDC NHAMCS 2019 ED (n=13595)
65,0.2,0.262046,0.804348,0.211027,CDC NHAMCS 2019 ED (n=13595)
65,0.3,0.340457,0.710145,0.247059,CDC NHAMCS 2019 ED (n=13595)
66,0.05,0.113113,0.944444,0.175573,CDC NHAMCS 2019 ED (n=13595)
66,0.1,0.154573,0.915459,0.186516,CDC NHAMCS 2019 ED (n=13595)
66,0.15,0.220787,0.84058,0.200115,CDC NHAMCS 2019 ED (n=13595)
66,0.2,0.271047,0.777778,0.212401,CDC NHAMCS 2019 ED (n=13595)
66,0.3,0.342007,0.688406,0.232653,CDC NHAMCS 2019 ED (n=13595)
67,0.05,0.081211,0.980676,0.171743,CDC NHAMCS 2019 ED (n=13595)
67,0.1,0.153026,0.925121,0.185832,CDC NHAMCS 2019 ED (n=13595)
67,0.15,0.194491,0.881643,0.197404,CDC NHAMCS 2019 ED (n=13595)
67,0.2,0.229005,0.842995,0.208857,CDC NHAMCS 2019 ED (n=13595)
67,0.3,0.309553,0.751208,0.24146,CDC NHAMCS 2019 ED (n=13595)
68,0.05,0.094152,0.958937,0.173514,CDC NHAMCS 2019 ED (n=13595)
68,0.1,0.13982,0.929952,0.184387,CDC NHAMCS 2019 ED (n=13595)
68,0.15,0.214675,0.86715,0.207875,CDC NHAMCS 2019 ED (n=13595)
68,0.2,0.258408,0.818841,0.221569,CDC NHAMCS 2019 ED (n=13595)
68,0.3,0.327727,0.722222,0.244881,CDC NHAMCS 2019 ED (n=13595)
69,0.05,0.075405,0.983092,0.169866,CDC NHAMCS 2019 ED (n=13595)
69,0.1,0.137253,0.927536,0.183031,CDC NHAMCS 2019 ED (n=13595)
69,0.15,0.19767,0.869565,0.199446,CDC NHAMCS 2019 ED (n=13595)
69,0.2,0.227847,0.835749,0.206198,CDC NHAMCS 2019 ED (n=13595)
69,0.3,0.322246,0.707729,0.241152,CDC NHAMCS 2019 ED (n=13595)
70,0.05,0.117295,0.94686,0.173605,CDC NHAMCS 2019 ED (n=13595)
70,0.1,0.181394,0.903382,0.188794,CDC NHAMCS 2019 ED (n=13595)
70,0.15,0.211921,0.859903,0.194642,CDC NHAMCS 2019 ED (n=13595)
70,0.2,0.260896,0.792271,0.210797,CDC NHAMCS 2019 ED (n=13595)
70,0.3,0.355022,0.635266,0.238225,CDC NHAMCS 2019 ED (n=13595)
71,0.05,0.103392,0.94686,0.173759,CDC NHAMCS 2019 ED (n=13595)
71,0.1,0.174814,0.886473,0.189273,CDC NHAMCS 2019 ED (n=13595)
71,0.15,0.224381,0.859903,0.205306,CDC NHAMCS 2019 ED (n=13595)
71,0.2,0.277841,0.811594,0.225201,CDC NHAMCS 2019 ED (n=13595)
71,0.3,0.346802,0.698068,0.248923,CDC NHAMCS 2019 ED (n=13595)
72,0.05,0.081402,0.94686,0.166031,CDC NHAMCS 2019 ED (n=13595)
72,0.1,0.140321,0.884058,0.176131,CDC NHAMCS 2019 ED (n=13595)
72,0.15,0.176996,0.859903,0.186681,CDC NHAMCS 2019 ED (n=13595)
72,0.2,0.231089,0.811594,0.201681,CDC NHAMCS 2019 ED (n=13595)
72,0.3,0.317794,0.71256,0.226054,CDC NHAMCS 2019 ED (n=13595)
73,0.05,0.099096,0.951691,0.174182,CDC NHAMCS 2019 ED (n=13595)
73,0.1,0.160661,0.900966,0.183834,CDC NHAMCS 2019 ED (n=13595)
73,0.15,0.222799,0.845411,0.196078,CDC NHAMCS 2019 ED (n=13595)
73,0.2,0.27634,0.797101,0.214147,CDC NHAMCS 2019 ED (n=13595)
73,0.3,0.346055,0.741546,0.247381,CDC NHAMCS 2019 ED (n=13595)
74,0.05,0.086338,0.961353,0.169795,CDC NHAMCS 2019 ED (n=13595)
74,0.1,0.147603,0.925121,0.178805,CDC NHAMCS 2019 ED (n=13595)
74,0.15,0.200942,0.871981,0.188512,CDC NHAMCS 2019 ED (n=13595)
74,0.2,0.276918,0.794686,0.212395,CDC NHAMCS 2019 ED (n=13595)
74,0.3,0.365201,0.671498,0.247551,CDC NHAMCS 2019 ED (n=13595)
75,0.05,0.085053,0.944444,0.166596,CDC NHAMCS 2019 ED (n=13595)
75,0.1,0.142094,0.903382,0.179463,CDC NHAMCS 2019 ED (n=13595)
75,0.15,0.19025,0.862319,0.189692,CDC NHAMCS 2019 ED (n=13595)
75,0.2,0.236871,0.818841,0.204587,CDC NHAMCS 2019 ED (n=13595)
75,0.3,0.33733,0.710145,0.235012,CDC NHAMCS 2019 ED (n=13595)
76,0.05,0.084608,0.951691,0.167162,CDC NHAMCS 2019 ED (n=13595)
76,0.1,0.176571,0.879227,0.186475,CDC NHAMCS 2019 ED (n=13595)
76,0.15,0.223665,0.833333,0.200116,CDC NHAMCS 2019 ED (n=13595)
76,0.2,0.264058,0.799517,0.216199,CDC NHAMCS 2019 ED (n=13595)
76,0.3,0.323062,0.714976,0.236233,CDC NHAMCS 2019 ED (n=13595)
77,0.05,0.079714,0.966184,0.169635,CDC NHAMCS 2019 ED (n=13595)
77,0.1,0.142038,0.92029,0.185131,CDC NHAMCS 2019 ED (n=13595)
77,0.15,0.190767,0.86715,0.197796,CDC NHAMCS 2019 ED (n=13595)
77,0.2,0.243053,0.823671,0.213525,CDC NHAMCS 2019 ED (n=13595)
77,0.3,0.325977,0.722222,0.240547,CDC NHAMCS 2019 ED (n=13595)
78,0.05,0.109055,0.956522,0.174603,CDC NHAMCS 2019 ED (n=13595)
78,0.1,0.164287,0.92029,0.188614,CDC NHAMCS 2019 ED (n=13595)
78,0.15,0.221725,0.859903,0.201244,CDC NHAMCS 2019 ED (n=13595)
78,0.2,0.27848,0.777778,0.213528,CDC NHAMCS 2019 ED (n=13595)
78,0.3,0.360523,0.673913,0.248885,CDC NHAMCS 2019 ED (n=13595)
79,0.05,0.093433,0.954106,0.171739,CDC NHAMCS 2019 ED (n=13595)
79,0.1,0.144054,0.913043,0.184751,CDC NHAMCS 2019 ED (n=13595)
79,0.15,0.190538,0.874396,0.2,CDC NHAMCS 2019 ED (n=13595)
79,0.2,0.219415,0.838164,0.206302,CDC NHAMCS 2019 ED (n=13595)
79,0.3,0.304193,0.71256,0.233571,CDC NHAMCS 2019 ED (n=13595)
80,0.05,0.116973,0.932367,0.177308,CDC NHAMCS 2019 ED (n=13595)
80,0.1,0.17886,0.881643,0.192612,CDC NHAMCS 2019 ED (n=13595)
80,0.15,0.22958,0.84058,0.206897,CDC NHAMCS 2019 ED (n=13595)
80,0.2,0.271427,0.782609,0.216288,CDC NHAMCS 2019 ED (n=13595)
80,0.3,0.349688,0.683575,0.24566,CDC NHAMCS 2019 ED (n=13595)
81,0.05,0.112303,0.927536,0.174466,CDC NHAMCS 2019 ED (n=13595)
81,0.1,0.162167,0.881643,0.18481,CDC NHAMCS 2019 ED (n=13595)
81,0.15,0.206642,0.835749,0.197039,CDC NHAMCS 2019 ED (n=13595)
81,0.2,0.250949,0.78744,0.211551,CDC NHAMCS 2019 ED (n=13595)
81,0.3,0.320016,0.698068,0.234768,CDC NHAMCS 2019 ED (n=13595)
82,0.05,0.116073,0.929952,0.17596,CDC NHAMCS 2019 ED (n=13595)
82,0.1,0.184401,0.886473,0.198378,CDC NHAMCS 2019 ED (n=13595)
82,0.15,0.221553,0.833333,0.208082,CDC NHAMCS 2019 ED (n=13595)
82,0.2,0.266295,0.797101,0.225873,CDC NHAMCS 2019 ED (n=13595)
82,0.3,0.347355,0.71256,0.259683,CDC NHAMCS 2019 ED (n=13595)
83,0.05,0.072885,0.963768,0.169355,CDC NHAMCS 2019 ED (n=13595)
83,0.1,0.125837,0.925121,0.177479,CDC NHAMCS 2019 ED (n=13595)
83,0.15,0.199466,0.869565,0.195759,CDC NHAMCS 2019 ED (n=13595)
83,0.2,0.243898,0.828502,0.211598,CDC NHAMCS 2019 ED (n=13595)
83,0.3,0.323789,0.702899,0.237551,CDC NHAMCS 2019 ED (n=13595)
84,0.05,0.101686,0.934783,0.173154,CDC NHAMCS 2019 ED (n=13595)
84,0.1,0.165291,0.884058,0.185504,CDC NHAMCS 2019 ED (n=13595)
84,0.15,0.22246,0.842995,0.199315,CDC NHAMCS 2019 ED (n=13595)
84,0.2,0.284413,0.785024,0.220488,CDC NHAMCS 2019 ED (n=13595)
84,0.3,0.361429,0.714976,0.258968,CDC NHAMCS 2019 ED (n=13595)
85,0.05,0.105472,0.958937,0.17668,CDC NHAMCS 2019 ED (n=13595)
85,0.1,0.174322,0.910628,0.185714,CDC NHAMCS 2019 ED (n=13595)
85,0.15,0.219563,0.859903,0.196035,CDC NHAMCS 2019 ED (n=13595)
85,0.2,0.278605,0.789855,0.215984,CDC NHAMCS 2019 ED (n=13595)
85,0.3,0.334591,0.714976,0.239482,CDC NHAMCS 2019 ED (n=13595)
86,0.05,0.096168,0.927536,0.170895,CDC NHAMCS 2019 ED (n=13595)
86,0.1,0.17941,0.855072,0.181818,CDC NHAMCS 2019 ED (n=13595)
86,0.15,0.228186,0.809179,0.193418,CDC NHAMCS 2019 ED (n=13595)
86,0.2,0.273646,0.748792,0.20598,CDC NHAMCS 2019 ED (n=13595)
86,0.3,0.343362,0.657005,0.240708,CDC NHAMCS 2019 ED (n=13595)
87,0.05,0.106524,0.927536,0.173756,CDC NHAMCS 2019 ED (n=13595)
87,0.1,0.178944,0.850242,0.184293,CDC NHAMCS 2019 ED (n=13595)
87,0.15,0.236266,0.818841,0.203848,CDC NHAMCS 2019 ED (n=13595)
87,0.2,0.270203,0.770531,0.214094,CDC NHAMCS 2019 ED (n=13595)
87,0.3,0.365883,0.642512,0.250943,CDC NHAMCS 2019 ED (n=13595)
88,0.05,0.098737,0.944444,0.171868,CDC NHAMCS 2019 ED (n=13595)
88,0.1,0.176361,0.898551,0.189699,CDC NHAMCS 2019 ED (n=13595)
88,0.15,0.239319,0.84058,0.209639,CDC NHAMCS 2019 ED (n=13595)
88,0.2,0.271803,0.809179,0.222444,CDC NHAMCS 2019 ED (n=13595)
88,0.3,0.344026,0.710145,0.250426,CDC NHAMCS 2019 ED (n=13595)
89,0.05,0.105639,0.949275,0.17351,CDC NHAMCS 2019 ED (n=13595)
89,0.1,0.184978,0.89372,0.191214,CDC NHAMCS 2019 ED (n=13595)
89,0.15,0.22853,0.855072,0.204388,CDC NHAMCS 2019 ED (n=13595)
89,0.2,0.278256,0.780193,0.215477,CDC NHAMCS 2019 ED (n=13595)
89,0.3,0.34501,0.693237,0.242399,CDC NHAMCS 2019 ED (n=13595)
90,0.05,0.112241,0.922705,0.173243,CDC NHAMCS 2019 ED (n=13595)
90,0.1,0.150379,0.871981,0.18005,CDC NHAMCS 2019 ED (n=13595)
90,0.15,0.228264,0.789855,0.198182,CDC NHAMCS 2019 ED (n=13595)
90,0.2,0.275251,0.729469,0.210747,CDC NHAMCS 2019 ED (n=13595)
90,0.3,0.364307,0.603865,0.236518,CDC NHAMCS 2019 ED (n=13595)
91,0.05,0.107152,0.956522,0.177261,CDC NHAMCS 2019 ED (n=13595)
91,0.1,0.168045,0.89372,0.187722,CDC NHAMCS 2019 ED (n=13595)
91,0.15,0.20493,0.857488,0.196241,CDC NHAMCS 2019 ED (n=13595)
91,0.2,0.244228,0.794686,0.20524,CDC NHAMCS 2019 ED (n=13595)
91,0.3,0.334935,0.698068,0.243061,CDC NHAMCS 2019 ED (n=13595)
92,0.05,0.078752,0.956522,0.167797,CDC NHAMCS 2019 ED (n=13595)
92,0.1,0.139396,0.905797,0.178998,CDC NHAMCS 2019 ED (n=13595)
92,0.15,0.208043,0.857488,0.19955,CDC NHAMCS 2019 ED (n=13595)
92,0.2,0.251507,0.806763,0.209536,CDC NHAMCS 2019 ED (n=13595)
92,0.3,0.339029,0.717391,0.246269,CDC NHAMCS 2019 ED (n=13595)
93,0.05,0.103427,0.942029,0.173333,CDC NHAMCS 2019 ED (n=13595)
93,0.1,0.17598,0.896135,0.188229,CDC NHAMCS 2019 ED (n=13595)
93,0.15,0.222341,0.862319,0.199888,CDC NHAMCS 2019 ED (n=13595)
93,0.2,0.262923,0.818841,0.213611,CDC NHAMCS 2019 ED (n=13595)
93,0.3,0.345227,0.707729,0.244574,CDC NHAMCS 2019 ED (n=13595)
94,0.05,0.075511,0.956522,0.171132,CDC NHAMCS 2019 ED (n=13595)
94,0.1,0.14803,0.874396,0.178854,CDC NHAMCS 2019 ED (n=13595)
94,0.15,0.189125,0.835749,0.184141,CDC NHAMCS 2019 ED (n=13595)
94,0.2,0.24519,0.799517,0.198918,CDC NHAMCS 2019 ED (n=13595)
94,0.3,0.317242,0.729469,0.222714,CDC NHAMCS 2019 ED (n=13595)
95,0.05,0.083415,0.949275,0.16867,CDC NHAMCS 2019 ED (n=13595)
95,0.1,0.173181,0.89372,0.186774,CDC NHAMCS 2019 ED (n=13595)
95,0.15,0.218606,0.847826,0.197635,CDC NHAMCS 2019 ED (n=13595)
95,0.2,0.262299,0.797101,0.209391,CDC NHAMCS 2019 ED (n=13595)
95,0.3,0.348317,0.695652,0.238411,CDC NHAMCS 2019 ED (n=13595)
96,0.05,0.081605,0.951691,0.168664,CDC NHAMCS 2019 ED (n=13595)
96,0.1,0.136195,0.915459,0.178858,CDC NHAMCS 2019 ED (n=13595)
96,0.15,0.202149,0.862319,0.191216,CDC NHAMCS 2019 ED (n=13595)
96,0.2,0.248297,0.806763,0.205538,CDC NHAMCS 2019 ED (n=13595)
96,0.3,0.312392,0.71256,0.223654,CDC NHAMCS 2019 ED (n=13595)
97,0.05,0.07812,0.958937,0.169586,CDC NHAMCS 2019 ED (n=13595)
97,0.1,0.145176,0.908213,0.183773,CDC NHAMCS 2019 ED (n=13595)
97,0.15,0.187386,0.857488,0.192204,CDC NHAMCS 2019 ED (n=13595)
97,0.2,0.241982,0.794686,0.203841,CDC NHAMCS 2019 ED (n=13595)
97,0.3,0.312569,0.705314,0.230466,CDC NHAMCS 2019 ED (n=13595)
98,0.05,0.101002,0.939614,0.175859,CDC NHAMCS 2019 ED (n=13595)
98,0.1,0.170314,0.876812,0.190152,CDC NHAMCS 2019 ED (n=13595)
98,0.15,0.23933,0.797101,0.210191,CDC NHAMCS 2019 ED (n=13595)
98,0.2,0.278043,0.741546,0.217576,CDC NHAMCS 2019 ED (n=13595)
98,0.3,0.370547,0.640097,0.251901,CDC NHAMCS 2019 ED (n=13595)
99,0.05,0.094364,0.951691,0.170342,CDC NHAMCS 2019 ED (n=13595)
99,0.1,0.164579,0.908213,0.183147,CDC NHAMCS 2019 ED (n=13595)
99,0.15,0.207086,0.859903,0.192641,CDC NHAMCS 2019 ED (n=13595)
99,0.2,0.248046,0.81401,0.204739,CDC NHAMCS 2019 ED (n=13595)
99,0.3,0.331212,0.707729,0.238405,CDC NHAMCS 2019 ED (n=13595)
100,0.05,0.070825,0.951691,0.165895,CDC NHAMCS 2019 ED (n=13595)
100,0.1,0.13779,0.886473,0.177295,CDC NHAMCS 2019 ED (n=13595)
100,0.15,0.213472,0.816425,0.193033,CDC NHAMCS 2019 ED (n=13595)
100,0.2,0.251734,0.780193,0.205602,CDC NHAMCS 2019 ED (n=13595)
100,0.3,0.33365,0.68599,0.231648,CDC NHAMCS 2019 ED (n=13595)
101,0.05,0.097228,0.939614,0.170689,CDC NHAMCS 2019 ED (n=13595)
101,0.1,0.157027,0.89372,0.18335,CDC NHAMCS 2019 ED (n=13595)
101,0.15,0.212061,0.816425,0.195942,CDC NHAMCS 2019 ED (n=13595)
101,0.2,0.254626,0.782609,0.215282,CDC NHAMCS 2019 ED (n=13595)
101,0.3,0.328085,0.676329,0.241171,CDC NHAMCS 2019 ED (n=13595)
102,0.05,0.074371,0.961353,0.169074,CDC NHAMCS 2019 ED (n=13595)
102,0.1,0.163812,0.896135,0.18709,CDC NHAMCS 2019 ED (n=13595)
102,0.15,0.205274,0.864734,0.197028,CDC NHAMCS 2019 ED (n=13595)
102,0.2,0.28076,0.777778,0.216543,CDC NHAMCS 2019 ED (n=13595)
102,0.3,0.367307,0.652174,0.242152,CDC NHAMCS 2019 ED (n=13595)
103,0.05,0.08931,0.958937,0.170753,CDC NHAMCS 2019 ED (n=13595)
103,0.1,0.160073,0.925121,0.191692,CDC NHAMCS 2019 ED (n=13595)
103,0.15,0.209135,0.857488,0.200792,CDC NHAMCS 2019 ED (n=13595)
103,0.2,0.247771,0.809179,0.214606,CDC NHAMCS 2019 ED (n=13595)
103,0.3,0.331843,0.707729,0.255226,CDC NHAMCS 2019 ED (n=13595)
104,0.05,0.112574,0.929952,0.176121,CDC NHAMCS 2019 ED (n=13595)
104,0.1,0.160173,0.903382,0.187,CDC NHAMCS 2019 ED (n=13595)
104,0.15,0.221076,0.845411,0.201962,CDC NHAMCS 2019 ED (n=13595)
104,0.2,0.268137,0.797101,0.218978,CDC NHAMCS 2019 ED (n=13595)
104,0.3,0.344747,0.702899,0.251295,CDC NHAMCS 2019 ED (n=13595)
105,0.05,0.080442,0.966184,0.170068,CDC NHAMCS 2019 ED (n=13595)
105,0.1,0.151179,0.908213,0.182879,CDC NHAMCS 2019 ED (n=13595)
105,0.15,0.208198,0.838164,0.195493,CDC NHAMCS 2019 ED (n=13595)
105,0.2,0.267245,0.751208,0.210277,CDC NHAMCS 2019 ED (n=13595)
105,0.3,0.321757,0.671498,0.230323,CDC NHAMCS 2019 ED (n=13595)
106,0.05,0.084615,0.951691,0.170342,CDC NHAMCS 2019 ED (n=13595)
106,0.1,0.15906,0.888889,0.183085,CDC NHAMCS 2019 ED (n=13595)
106,0.15,0.213715,0.835749,0.195812,CDC NHAMCS 2019 ED (n=13595)
106,0.2,0.260933,0.785024,0.212836,CDC NHAMCS 2019 ED (n=13595)
106,0.3,0.33615,0.693237,0.238968,CDC NHAMCS 2019 ED (n=13595)
107,0.05,0.092276,0.975845,0.174288,CDC NHAMCS 2019 ED (n=13595)
107,0.1,0.158271,0.922705,0.185078,CDC NHAMCS 2019 ED (n=13595)
107,0.15,0.218718,0.852657,0.197317,CDC NHAMCS 2019 ED (n=13595)
107,0.2,0.262351,0.794686,0.209022,CDC NHAMCS 2019 ED (n=13595)
107,0.3,0.340198,0.705314,0.245585,CDC NHAMCS 2019 ED (n=13595)
108,0.05,0.077667,0.961353,0.169868,CDC NHAMCS 2019 ED (n=13595)
108,0.1,0.146429,0.891304,0.183217,CDC NHAMCS 2019 ED (n=13595)
108,0.15,0.184898,0.86715,0.198892,CDC NHAMCS 2019 ED (n=13595)
108,0.2,0.235075,0.799517,0.214378,CDC NHAMCS 2019 ED (n=13595)
108,0.3,0.30669,0.693237,0.236214,CDC NHAMCS 2019 ED (n=13595)
109,0.05,0.071018,0.971014,0.16785,CDC NHAMCS 2019 ED (n=13595)
109,0.1,0.136248,0.929952,0.184652,CDC NHAMCS 2019 ED (n=13595)
109,0.15,0.208809,0.852657,0.203107,CDC NHAMCS 2019 ED (n=13595)
109,0.2,0.23738,0.823671,0.212329,CDC NHAMCS 2019 ED (n=13595)
109,0.3,0.330644,0.71256,0.253873,CDC NHAMCS 2019 ED (n=13595)
110,0.05,0.086346,0.934783,0.166452,CDC NHAMCS 2019 ED (n=13595)
110,0.1,0.150753,0.898551,0.178246,CDC NHAMCS 2019 ED (n=13595)
110,0.15,0.206131,0.855072,0.194612,CDC NHAMCS 2019 ED (n=13595)
110,0.2,0.244618,0.823671,0.206167,CDC NHAMCS 2019 ED (n=13595)
110,0.3,0.335174,0.710145,0.243377,CDC NHAMCS 2019 ED (n=13595)
111,0.05,0.10778,0.958937,0.174429,CDC NHAMCS 2019 ED (n=13595)
111,0.1,0.164944,0.910628,0.186911,CDC NHAMCS 2019 ED (n=13595)
111,0.15,0.211994,0.884058,0.201209,CDC NHAMCS 2019 ED (n=13595)
111,0.2,0.252227,0.828502,0.215317,CDC NHAMCS 2019 ED (n=13595)
111,0.3,0.33464,0.717391,0.244847,CDC NHAMCS 2019 ED (n=13595)
112,0.05,0.084894,0.944444,0.171116,CDC NHAMCS 2019 ED (n=13595)
112,0.1,0.160116,0.862319,0.186228,CDC NHAMCS 2019 ED (n=13595)
112,0.15,0.198764,0.816425,0.193919,CDC NHAMCS 2019 ED (n=13595)
112,0.2,0.233488,0.775362,0.203165,CDC NHAMCS 2019 ED (n=13595)
112,0.3,0.301304,0.678744,0.223904,CDC NHAMCS 2019 ED (n=13595)
113,0.05,0.073016,0.968599,0.167572,CDC NHAMCS 2019 ED (n=13595)
113,0.1,0.149557,0.922705,0.185707,CDC NHAMCS 2019 ED (n=13595)
113,0.15,0.206364,0.876812,0.200997,CDC NHAMCS 2019 ED (n=13595)
113,0.2,0.246642,0.821256,0.208078,CDC NHAMCS 2019 ED (n=13595)
113,0.3,0.317024,0.731884,0.234702,CDC NHAMCS 2019 ED (n=13595)
114,0.05,0.088803,0.971014,0.17268,CDC NHAMCS 2019 ED (n=13595)
114,0.1,0.157249,0.915459,0.186332,CDC NHAMCS 2019 ED (n=13595)
114,0.15,0.197535,0.881643,0.197939,CDC NHAMCS 2019 ED (n=13595)
114,0.2,0.238238,0.833333,0.212308,CDC NHAMCS 2019 ED (n=13595)
114,0.3,0.30575,0.7343,0.231003,CDC NHAMCS 2019 ED (n=13595)
115,0.05,0.079777,0.956522,0.164931,CDC NHAMCS 2019 ED (n=13595)
115,0.1,0.177754,0.913043,0.188341,CDC NHAMCS 2019 ED (n=13595)
115,0.15,0.222456,0.86715,0.199444,CDC NHAMCS 2019 ED (n=13595)
115,0.2,0.259638,0.828502,0.215452,CDC NHAMCS 2019 ED (n=13595)
115,0.3,0.328855,0.7657,0.245166,CDC NHAMCS 2019 ED (n=13595)
116,0.05,0.082599,0.958937,0.172459,CDC NHAMCS 2019 ED (n=13595)
116,0.1,0.141043,0.896135,0.180799,CDC NHAMCS 2019 ED (n=13595)
116,0.15,0.193338,0.842995,0.190294,CDC NHAMCS 2019 ED (n=13595)
116,0.2,0.255587,0.7657,0.205978,CDC NHAMCS 2019 ED (n=13595)
116,0.3,0.348649,0.673913,0.239897,CDC NHAMCS 2019 ED (n=13595)
117,0.05,0.099425,0.949275,0.172142,CDC NHAMCS 2019 ED (n=13595)
117,0.1,0.162018,0.913043,0.185476,CDC NHAMCS 2019 ED (n=13595)
117,0.15,0.213867,0.86715,0.203169,CDC NHAMCS 2019 ED (n=13595)
117,0.2,0.25591,0.811594,0.214286,CDC NHAMCS 2019 ED (n=13595)
117,0.3,0.329547,0.693237,0.233144,CDC NHAMCS 2019 ED (n=13595)
118,0.05,0.085614,0.961353,0.172071,CDC NHAMCS 2019 ED (n=13595)
118,0.1,0.155921,0.910628,0.187936,CDC NHAMCS 2019 ED (n=13595)
118,0.15,0.207396,0.864734,0.200785,CDC NHAMCS 2019 ED (n=13595)
118,0.2,0.250147,0.81401,0.210625,CDC NHAMCS 2019 ED (n=13595)
118,0.3,0.329612,0.727053,0.240608,CDC NHAMCS 2019 ED (n=13595)
119,0.05,0.110626,0.939614,0.175859,CDC NHAMCS 2019 ED (n=13595)
119,0.1,0.184917,0.871981,0.193048,CDC NHAMCS 2019 ED (n=13595)
119,0.15,0.227276,0.801932,0.202316,CDC NHAMCS 2019 ED (n=13595)
119,0.2,0.265132,0.772947,0.219479,CDC NHAMCS 2019 ED (n=13595)
119,0.3,0.333733,0.683575,0.245447,CDC NHAMCS 2019 ED (n=13595)
120,0.05,0.076384,0.958937,0.168936,CDC NHAMCS 2019 ED (n=13595)
120,0.1,0.135862,0.915459,0.179706,CDC NHAMCS 2019 ED (n=13595)
120,0.15,0.186008,0.859903,0.18727,CDC NHAMCS 2019 ED (n=13595)
120,0.2,0.246755,0.799517,0.205718,CDC NHAMCS 2019 ED (n=13595)
120,0.3,0.333555,0.695652,0.236453,CDC NHAMCS 2019 ED (n=13595)
121,0.05,0.081142,0.956522,0.167513,CDC NHAMCS 2019 ED (n=13595)
121,0.1,0.149585,0.910628,0.185897,CDC NHAMCS 2019 ED (n=13595)
121,0.15,0.190237,0.874396,0.196526,CDC NHAMCS 2019 ED (n=13595)
121,0.2,0.228706,0.842995,0.212935,CDC NHAMCS 2019 ED (n=13595)
121,0.3,0.305997,0.7343,0.237315,CDC NHAMCS 2019 ED (n=13595)
122,0.05,0.112971,0.94686,0.173913,CDC NHAMCS 2019 ED (n=13595)
122,0.1,0.184779,0.905797,0.186474,CDC NHAMCS 2019 ED (n=13595)
122,0.15,0.253831,0.845411,0.202312,CDC NHAMCS 2019 ED (n=13595)
122,0.2,0.301442,0.789855,0.22035,CDC NHAMCS 2019 ED (n=13595)
122,0.3,0.36417,0.693237,0.237386,CDC NHAMCS 2019 ED (n=13595)
123,0.05,0.065107,0.961353,0.167862,CDC NHAMCS 2019 ED (n=13595)
123,0.1,0.142396,0.910628,0.180902,CDC NHAMCS 2019 ED (n=13595)
123,0.15,0.2108,0.852657,0.198203,CDC NHAMCS 2019 ED (n=13595)
123,0.2,0.26549,0.797101,0.217678,CDC NHAMCS 2019 ED (n=13595)
123,0.3,0.333426,0.700483,0.240066,CDC NHAMCS 2019 ED (n=13595)
124,0.05,0.061495,0.963768,0.166736,CDC NHAMCS 2019 ED (n=13595)
124,0.1,0.175203,0.884058,0.187789,CDC NHAMCS 2019 ED (n=13595)
124,0.15,0.22054,0.850242,0.199433,CDC NHAMCS 2019 ED (n=13595)
124,0.2,0.280168,0.785024,0.211176,CDC NHAMCS 2019 ED (n=13595)
124,0.3,0.354507,0.690821,0.241963,CDC NHAMCS 2019 ED (n=13595)
125,0.05,0.093633,0.944444,0.169411,CDC NHAMCS 2019 ED (n=13595)
125,0.1,0.155293,0.905797,0.182393,CDC NHAMCS 2019 ED (n=13595)
125,0.15,0.20998,0.857488,0.197332,CDC NHAMCS 2019 ED (n=13595)
125,0.2,0.251947,0.833333,0.212308,CDC NHAMCS 2019 ED (n=13595)
125,0.3,0.347473,0.690821,0.242168,CDC NHAMCS 2019 ED (n=13595)
126,0.05,0.089042,0.954106,0.169819,CDC NHAMCS 2019 ED (n=13595)
126,0.1,0.145305,0.898551,0.18067,CDC NHAMCS 2019 ED (n=13595)
126,0.15,0.207363,0.828502,0.193785,CDC NHAMCS 2019 ED (n=13595)
126,0.2,0.236533,0.799517,0.202694,CDC NHAMCS 2019 ED (n=13595)
126,0.3,0.309566,0.693237,0.232013,CDC NHAMCS 2019 ED (n=13595)
127,0.05,0.09503,0.94686,0.171479,CDC NHAMCS 2019 ED (n=13595)
127,0.1,0.146364,0.905797,0.183464,CDC NHAMCS 2019 ED (n=13595)
127,0.15,0.201406,0.864734,0.20169,CDC NHAMCS 2019 ED (n=13595)
127,0.2,0.234141,0.818841,0.208872,CDC NHAMCS 2019 ED (n=13595)
127,0.3,0.312472,0.705314,0.230466,CDC NHAMCS 2019 ED (n=13595)
128,0.05,0.077782,0.968599,0.168417,CDC NHAMCS 2019 ED (n=13595)
128,0.1,0.140293,0.934783,0.183848,CDC NHAMCS 2019 ED (n=13595)
128,0.15,0.19195,0.905797,0.199045,CDC NHAMCS 2019 ED (n=13595)
128,0.2,0.230229,0.857488,0.209563,CDC NHAMCS 2019 ED (n=13595)
128,0.3,0.317146,0.717391,0.239709,CDC NHAMCS 2019 ED (n=13595)
129,0.05,0.090042,0.971014,0.171942,CDC NHAMCS 2019 ED (n=13595)
129,0.1,0.136151,0.939614,0.180762,CDC NHAMCS 2019 ED (n=13595)
129,0.15,0.173739,0.903382,0.189944,CDC NHAMCS 2019 ED (n=13595)
129,0.2,0.219368,0.862319,0.202841,CDC NHAMCS 2019 ED (n=13595)
129,0.3,0.297911,0.763285,0.225876,CDC NHAMCS 2019 ED (n=13595)
130,0.05,0.10427,0.929952,0.173893,CDC NHAMCS 2019 ED (n=13595)
130,0.1,0.17705,0.881643,0.186892,CDC NHAMCS 2019 ED (n=13595)
130,0.15,0.234385,0.845411,0.205038,CDC NHAMCS 2019 ED (n=13595)
130,0.2,0.278831,0.81401,0.22392,CDC NHAMCS 2019 ED (n=13595)
130,0.3,0.3264,0.736715,0.240536,CDC NHAMCS 2019 ED (n=13595)
131,0.05,0.09999,0.961353,0.171109,CDC NHAMCS 2019 ED (n=13595)
131,0.1,0.166223,0.89372,0.184355,CDC NHAMCS 2019 ED (n=13595)
131,0.15,0.22116,0.830918,0.194131,CDC NHAMCS 2019 ED (n=13595)
131,0.2,0.270363,0.782609,0.20836,CDC NHAMCS 2019 ED (n=13595)
131,0.3,0.347517,0.673913,0.232113,CDC NHAMCS 2019 ED (n=13595)
132,0.05,0.091445,0.954106,0.174856,CDC NHAMCS 2019 ED (n=13595)
132,0.1,0.159004,0.903382,0.190719,CDC NHAMCS 2019 ED (n=13595)
132,0.15,0.201493,0.864734,0.198338,CDC NHAMCS 2019 ED (n=13595)
132,0.2,0.254902,0.816425,0.212846,CDC NHAMCS 2019 ED (n=13595)
132,0.3,0.347361,0.690821,0.243197,CDC NHAMCS 2019 ED (n=13595)
133,0.05,0.092333,0.951691,0.1748,CDC NHAMCS 2019 ED (n=13595)
133,0.1,0.169801,0.881643,0.18961,CDC NHAMCS 2019 ED (n=13595)
133,0.15,0.226984,0.811594,0.199881,CDC NHAMCS 2019 ED (n=13595)
133,0.2,0.255818,0.775362,0.211045,CDC NHAMCS 2019 ED (n=13595)
133,0.3,0.336847,0.683575,0.243755,CDC NHAMCS 2019 ED (n=13595)
134,0.05,0.091888,0.963768,0.171539,CDC NHAMCS 2019 ED (n=13595)
134,0.1,0.174908,0.881643,0.183694,CDC NHAMCS 2019 ED (n=13595)
134,0.15,0.228577,0.828502,0.201173,CDC NHAMCS 2019 ED (n=13595)
134,0.2,0.271659,0.770531,0.211819,CDC NHAMCS 2019 ED (n=13595)
134,0.3,0.361648,0.676329,0.254314,CDC NHAMCS 2019 ED (n=13595)
135,0.05,0.095053,0.939614,0.174049,CDC NHAMCS 2019 ED (n=13595)
135,0.1,0.154253,0.903382,0.18908,CDC NHAMCS 2019 ED (n=13595)
135,0.15,0.194955,0.850242,0.19523,CDC NHAMCS 2019 ED (n=13595)
135,0.2,0.265126,0.770531,0.213378,CDC NHAMCS 2019 ED (n=13595)
135,0.3,0.355196,0.620773,0.242224,CDC NHAMCS 2019 ED (n=13595)
136,0.05,0.098667,0.942029,0.174341,CDC NHAMCS 2019 ED (n=13595)
136,0.1,0.176137,0.908213,0.190187,CDC NHAMCS 2019 ED (n=13595)
136,0.15,0.254558,0.828502,0.207376,CDC NHAMCS 2019 ED (n=13595)
136,0.2,0.30078,0.775362,0.219713,CDC NHAMCS 2019 ED (n=13595)
136,0.3,0.368293,0.690821,0.25,CDC NHAMCS 2019 ED (n=13595)
137,0.05,0.138724,0.92029,0.178705,CDC NHAMCS 2019 ED (n=13595)
137,0.1,0.173238,0.891304,0.187786,CDC NHAMCS 2019 ED (n=13595)
137,0.15,0.210392,0.850242,0.197975,CDC NHAMCS 2019 ED (n=13595)
137,0.2,0.248514,0.804348,0.210095,CDC NHAMCS 2019 ED (n=13595)
137,0.3,0.340823,0.700483,0.24618,CDC NHAMCS 2019 ED (n=13595)
138,0.05,0.103859,0.961353,0.173951,CDC NHAMCS 2019 ED (n=13595)
138,0.1,0.17445,0.903382,0.187563,CDC NHAMCS 2019 ED (n=13595)
138,0.15,0.226347,0.847826,0.20184,CDC NHAMCS 2019 ED (n=13595)
138,0.2,0.278776,0.789855,0.218,CDC NHAMCS 2019 ED (n=13595)
138,0.3,0.368341,0.673913,0.248885,CDC NHAMCS 2019 ED (n=13595)
139,0.05,0.085,0.961353,0.172893,CDC NHAMCS 2019 ED (n=13595)
139,0.1,0.142657,0.913043,0.185749,CDC NHAMCS 2019 ED (n=13595)
139,0.15,0.201433,0.833333,0.197481,CDC NHAMCS 2019 ED (n=13595)
139,0.2,0.247006,0.799517,0.209361,CDC NHAMCS 2019 ED (n=13595)
139,0.3,0.327731,0.727053,0.240608,CDC NHAMCS 2019 ED (n=13595)
140,0.05,0.090482,0.944444,0.168462,CDC NHAMCS 2019 ED (n=13595)
140,0.1,0.168802,0.896135,0.184028,CDC NHAMCS 2019 ED (n=13595)
140,0.15,0.223106,0.835749,0.198054,CDC NHAMCS 2019 ED (n=13595)
140,0.2,0.262872,0.801932,0.21447,CDC NHAMCS 2019 ED (n=13595)
140,0.3,0.334233,0.727053,0.246318,CDC NHAMCS 2019 ED (n=13595)
141,0.05,0.125465,0.922705,0.17435,CDC NHAMCS 2019 ED (n=13595)
141,0.1,0.187974,0.859903,0.186681,CDC NHAMCS 2019 ED (n=13595)
141,0.15,0.225533,0.804348,0.193268,CDC NHAMCS 2019 ED (n=13595)
141,0.2,0.290257,0.746377,0.21669,CDC NHAMCS 2019 ED (n=13595)
141,0.3,0.358102,0.654589,0.240035,CDC NHAMCS 2019 ED (n=13595)
142,0.05,0.090692,0.966184,0.1716,CDC NHAMCS 2019 ED (n=13595)
142,0.1,0.181753,0.908213,0.193715,CDC NHAMCS 2019 ED (n=13595)
142,0.15,0.242759,0.850242,0.209524,CDC NHAMCS 2019 ED (n=13595)
142,0.2,0.295902,0.76087,0.219972,CDC NHAMCS 2019 ED (n=13595)
142,0.3,0.378911,0.678744,0.263355,CDC NHAMCS 2019 ED (n=13595)
143,0.05,0.083652,0.963768,0.170367,CDC NHAMCS 2019 ED (n=13595)
143,0.1,0.156439,0.910628,0.185167,CDC NHAMCS 2019 ED (n=13595)
143,0.15,0.196371,0.859903,0.191914,CDC NHAMCS 2019 ED (n=13595)
143,0.2,0.245409,0.816425,0.204477,CDC NHAMCS 2019 ED (n=13595)
143,0.3,0.319281,0.717391,0.225684,CDC NHAMCS 2019 ED (n=13595)
144,0.05,0.101921,0.944444,0.172779,CDC NHAMCS 2019 ED (n=13595)
144,0.1,0.175374,0.884058,0.189245,CDC NHAMCS 2019 ED (n=13595)
144,0.15,0.227648,0.811594,0.197996,CDC NHAMCS 2019 ED (n=13595)
144,0.2,0.276122,0.758454,0.216253,CDC NHAMCS 2019 ED (n=13595)
144,0.3,0.347881,0.644928,0.237333,CDC NHAMCS 2019 ED (n=13595)
145,0.05,0.129335,0.932367,0.17788,CDC NHAMCS 2019 ED (n=13595)
145,0.1,0.18135,0.888889,0.186141,CDC NHAMCS 2019 ED (n=13595)
145,0.15,0.221804,0.852657,0.197097,CDC NHAMCS 2019 ED (n=13595)
145,0.2,0.264372,0.78744,0.208307,CDC NHAMCS 2019 ED (n=13595)
145,0.3,0.337066,0.707729,0.24155,CDC NHAMCS 2019 ED (n=13595)
146,0.05,0.056065,0.963768,0.16625,CDC NHAMCS 2019 ED (n=13595)
146,0.1,0.135178,0.896135,0.181064,CDC NHAMCS 2019 ED (n=13595)
146,0.15,0.186593,0.847826,0.191176,CDC NHAMCS 2019 ED (n=13595)
146,0.2,0.23738,0.797101,0.206637,CDC NHAMCS 2019 ED (n=13595)
146,0.3,0.323288,0.722222,0.240354,CDC NHAMCS 2019 ED (n=13595)
147,0.05,0.073964,0.944444,0.169926,CDC NHAMCS 2019 ED (n=13595)
147,0.1,0.156018,0.869565,0.185567,CDC NHAMCS 2019 ED (n=13595)
147,0.15,0.210044,0.816425,0.195715,CDC NHAMCS 2019 ED (n=13595)
147,0.2,0.245507,0.78744,0.20844,CDC NHAMCS 2019 ED (n=13595)
147,0.3,0.31324,0.722222,0.236364,CDC NHAMCS 2019 ED (n=13595)
148,0.05,0.102465,0.954106,0.174547,CDC NHAMCS 2019 ED (n=13595)
148,0.1,0.172832,0.905797,0.191816,CDC NHAMCS 2019 ED (n=13595)
148,0.15,0.208691,0.850242,0.199208,CDC NHAMCS 2019 ED (n=13595)
148,0.2,0.25135,0.811594,0.216355,CDC NHAMCS 2019 ED (n=13595)
148,0.3,0.314066,0.741546,0.241163,CDC NHAMCS 2019 ED (n=13595)
149,0.05,0.082325,0.966184,0.169707,CDC NHAMCS 2019 ED (n=13595)
149,0.1,0.161088,0.903382,0.18607,CDC NHAMCS 2019 ED (n=13595)
149,0.15,0.211661,0.845411,0.200114,CDC NHAMCS 2019 ED (n=13595)
149,0.2,0.247123,0.797101,0.208333,CDC NHAMCS 2019 ED (n=13595)
149,0.3,0.350036,0.676329,0.245184,CDC NHAMCS 2019 ED (n=13595)
150,0.05,0.113942,0.954106,0.1754,CDC NHAMCS 2019 ED (n=13595)
150,0.1,0.167072,0.910628,0.186819,CDC NHAMCS 2019 ED (n=13595)
150,0.15,0.217074,0.86715,0.20214,CDC NHAMCS 2019 ED (n=13595)
150,0.2,0.261343,0.799517,0.212999,CDC NHAMCS 2019 ED (n=13595)
150,0.3,0.343466,0.700483,0.252833,CDC NHAMCS 2019 ED (n=13595)
151,0.05,0.098519,0.961353,0.172145,CDC NHAMCS 2019 ED (n=13595)
151,0.1,0.145278,0.92029,0.181342,CDC NHAMCS 2019 ED (n=13595)
151,0.15,0.194821,0.871981,0.193048,CDC NHAMCS 2019 ED (n=13595)
151,0.2,0.247971,0.794686,0.207309,CDC NHAMCS 2019 ED (n=13595)
151,0.3,0.314799,0.722222,0.232685,CDC NHAMCS 2019 ED (n=13595)
152,0.05,0.084624,0.939614,0.170465,CDC NHAMCS 2019 ED (n=13595)
152,0.1,0.137211,0.910628,0.179609,CDC NHAMCS 2019 ED (n=13595)
152,0.15,0.19909,0.855072,0.189914,CDC NHAMCS 2019 ED (n=13595)
152,0.2,0.233472,0.830918,0.199536,CDC NHAMCS 2019 ED (n=13595)
152,0.3,0.328028,0.717391,0.234968,CDC NHAMCS 2019 ED (n=13595)
153,0.05,0.086221,0.956522,0.169739,CDC NHAMCS 2019 ED (n=13595)
153,0.1,0.163922,0.910628,0.185167,CDC NHAMCS 2019 ED (n=13595)
153,0.15,0.237753,0.862319,0.208406,CDC NHAMCS 2019 ED (n=13595)
153,0.2,0.291475,0.785024,0.223368,CDC NHAMCS 2019 ED (n=13595)
153,0.3,0.359604,0.707729,0.252151,CDC NHAMCS 2019 ED (n=13595)
154,0.05,0.069219,0.971014,0.171942,CDC NHAMCS 2019 ED (n=13595)
154,0.1,0.135658,0.925121,0.183605,CDC NHAMCS 2019 ED (n=13595)
154,0.15,0.201245,0.869565,0.201568,CDC NHAMCS 2019 ED (n=13595)
154,0.2,0.23877,0.821256,0.20936,CDC NHAMCS 2019 ED (n=13595)
154,0.3,0.309408,0.736715,0.236801,CDC NHAMCS 2019 ED (n=13595)
155,0.05,0.105513,0.949275,0.171916,CDC NHAMCS 2019 ED (n=13595)
155,0.1,0.159679,0.898551,0.182264,CDC NHAMCS 2019 ED (n=13595)
155,0.15,0.205217,0.862319,0.19455,CDC NHAMCS 2019 ED (n=13595)
155,0.2,0.240639,0.816425,0.205346,CDC NHAMCS 2019 ED (n=13595)
155,0.3,0.333152,0.722222,0.240935,CDC NHAMCS 2019 ED (n=13595)
156,0.05,0.109918,0.956522,0.173989,CDC NHAMCS 2019 ED (n=13595)
156,0.1,0.184409,0.89372,0.188199,CDC NHAMCS 2019 ED (n=13595)
156,0.15,0.2404,0.833333,0.204263,CDC NHAMCS 2019 ED (n=13595)
156,0.2,0.268126,0.804348,0.216093,CDC NHAMCS 2019 ED (n=13595)
156,0.3,0.35623,0.710145,0.263441,CDC NHAMCS 2019 ED (n=13595)
157,0.05,0.091404,0.942029,0.171731,CDC NHAMCS 2019 ED (n=13595)
157,0.1,0.142727,0.891304,0.179737,CDC NHAMCS 2019 ED (n=13595)
157,0.15,0.195098,0.84058,0.191947,CDC NHAMCS 2019 ED (n=13595)
157,0.2,0.245659,0.772947,0.203304,CDC NHAMCS 2019 ED (n=13595)
157,0.3,0.326412,0.678744,0.232231,CDC NHAMCS 2019 ED (n=13595)
158,0.05,0.070287,0.949275,0.165543,CDC NHAMCS 2019 ED (n=13595)
158,0.1,0.174884,0.891304,0.1834,CDC NHAMCS 2019 ED (n=13595)
158,0.15,0.226787,0.857488,0.19955,CDC NHAMCS 2019 ED (n=13595)
158,0.2,0.256794,0.821256,0.206939,CDC NHAMCS 2019 ED (n=13595)
158,0.3,0.331119,0.73913,0.235023,CDC NHAMCS 2019 ED (n=13595)
159,0.05,0.071135,0.958937,0.169586,CDC NHAMCS 2019 ED (n=13595)
159,0.1,0.146025,0.888889,0.183633,CDC NHAMCS 2019 ED (n=13595)
159,0.15,0.203885,0.835749,0.199539,CDC NHAMCS 2019 ED (n=13595)
159,0.2,0.254749,0.753623,0.209677,CDC NHAMCS 2019 ED (n=13595)
159,0.3,0.332325,0.647343,0.227891,CDC NHAMCS 2019 ED (n=13595)
160,0.05,0.087984,0.951691,0.170342,CDC NHAMCS 2019 ED (n=13595)
160,0.1,0.14891,0.917874,0.184645,CDC NHAMCS 2019 ED (n=13595)
160,0.15,0.20856,0.859903,0.19855,CDC NHAMCS 2019 ED (n=13595)
160,0.2,0.25697,0.804348,0.212237,CDC NHAMCS 2019 ED (n=13595)
160,0.3,0.32915,0.705314,0.233413,CDC NHAMCS 2019 ED (n=13595)
161,0.05,0.067186,0.971014,0.166667,CDC NHAMCS 2019 ED (n=13595)
161,0.1,0.168386,0.896135,0.186996,CDC NHAMCS 2019 ED (n=13595)
161,0.15,0.218747,0.845411,0.19943,CDC NHAMCS 2019 ED (n=13595)
161,0.2,0.261624,0.763285,0.207758,CDC NHAMCS 2019 ED (n=13595)
161,0.3,0.327906,0.68599,0.234711,CDC NHAMCS 2019 ED (n=13595)
162,0.05,0.099545,0.942029,0.171579,CDC NHAMCS 2019 ED (n=13595)
162,0.1,0.143389,0.910628,0.183099,CDC NHAMCS 2019 ED (n=13595)
162,0.15,0.192336,0.830918,0.187568,CDC NHAMCS 2019 ED (n=13595)
162,0.2,0.240454,0.780193,0.200621,CDC NHAMCS 2019 ED (n=13595)
162,0.3,0.33562,0.683575,0.239222,CDC NHAMCS 2019 ED (n=13595)
163,0.05,0.088632,0.956522,0.165829,CDC NHAMCS 2019 ED (n=13595)
163,0.1,0.152068,0.92029,0.178371,CDC NHAMCS 2019 ED (n=13595)
163,0.15,0.202872,0.891304,0.192388,CDC NHAMCS 2019 ED (n=13595)
163,0.2,0.256983,0.826087,0.206397,CDC NHAMCS 2019 ED (n=13595)
163,0.3,0.343753,0.710145,0.240392,CDC NHAMCS 2019 ED (n=13595)
164,0.05,0.078009,0.963768,0.167929,CDC NHAMCS 2019 ED (n=13595)
164,0.1,0.13482,0.922705,0.185527,CDC NHAMCS 2019 ED (n=13595)
164,0.15,0.188556,0.869565,0.200781,CDC NHAMCS 2019 ED (n=13595)
164,0.2,0.237087,0.816425,0.217084,CDC NHAMCS 2019 ED (n=13595)
164,0.3,0.32809,0.717391,0.250422,CDC NHAMCS 2019 ED (n=13595)
165,0.05,0.046934,0.978261,0.163372,CDC NHAMCS 2019 ED (n=13595)
165,0.1,0.111717,0.934783,0.175829,CDC NHAMCS 2019 ED (n=13595)
165,0.15,0.186977,0.86715,0.188848,CDC NHAMCS 2019 ED (n=13595)
165,0.2,0.238108,0.823671,0.203218,CDC NHAMCS 2019 ED (n=13595)
165,0.3,0.334328,0.724638,0.241352,CDC NHAMCS 2019 ED (n=13595)
166,0.05,0.074415,0.971014,0.169549,CDC NHAMCS 2019 ED (n=13595)
166,0.1,0.136901,0.937198,0.181903,CDC NHAMCS 2019 ED (n=13595)
166,0.15,0.192465,0.886473,0.191345,CDC NHAMCS 2019 ED (n=13595)
166,0.2,0.255556,0.823671,0.211015,CDC NHAMCS 2019 ED (n=13595)
166,0.3,0.333751,0.724638,0.234742,CDC NHAMCS 2019 ED (n=13595)
167,0.05,0.082886,0.956522,0.171503,CDC NHAMCS 2019 ED (n=13595)
167,0.1,0.172381,0.896135,0.189964,CDC NHAMCS 2019 ED (n=13595)
167,0.15,0.233441,0.84058,0.201389,CDC NHAMCS 2019 ED (n=13595)
167,0.2,0.271732,0.811594,0.216077,CDC NHAMCS 2019 ED (n=13595)
167,0.3,0.349691,0.714976,0.247078,CDC NHAMCS 2019 ED (n=13595)
168,0.05,0.08382,0.966184,0.170068,CDC NHAMCS 2019 ED (n=13595)
168,0.1,0.157261,0.934783,0.191017,CDC NHAMCS 2019 ED (n=13595)
168,0.15,0.208494,0.896135,0.20634,CDC NHAMCS 2019 ED (n=13595)
168,0.2,0.244044,0.876812,0.220133,CDC NHAMCS 2019 ED (n=13595)
168,0.3,0.321551,0.775362,0.249611,CDC NHAMCS 2019 ED (n=13595)
169,0.05,0.079628,0.944444,0.16868,CDC NHAMCS 2019 ED (n=13595)
169,0.1,0.136615,0.898551,0.181022,CDC NHAMCS 2019 ED (n=13595)
169,0.15,0.184361,0.864734,0.193618,CDC NHAMCS 2019 ED (n=13595)
169,0.2,0.224803,0.833333,0.206959,CDC NHAMCS 2019 ED (n=13595)
169,0.3,0.321225,0.714976,0.243421,CDC NHAMCS 2019 ED (n=13595)
170,0.05,0.115591,0.922705,0.173164,CDC NHAMCS 2019 ED (n=13595)
170,0.1,0.170621,0.876812,0.17997,CDC NHAMCS 2019 ED (n=13595)
170,0.15,0.241633,0.811594,0.197763,CDC NHAMCS 2019 ED (n=13595)
170,0.2,0.27731,0.756039,0.20565,CDC NHAMCS 2019 ED (n=13595)
170,0.3,0.368539,0.618357,0.226549,CDC NHAMCS 2019 ED (n=13595)
171,0.05,0.066095,0.954106,0.164858,CDC NHAMCS 2019 ED (n=13595)
171,0.1,0.146493,0.905797,0.179856,CDC NHAMCS 2019 ED (n=13595)
171,0.15,0.196972,0.852657,0.190914,CDC NHAMCS 2019 ED (n=13595)
171,0.2,0.250425,0.801932,0.209861,CDC NHAMCS 2019 ED (n=13595)
171,0.3,0.330319,0.68599,0.22996,CDC NHAMCS 2019 ED (n=13595)
172,0.05,0.066954,0.944444,0.166738,CDC NHAMCS 2019 ED (n=13595)
172,0.1,0.15316,0.876812,0.181955,CDC NHAMCS 2019 ED (n=13595)
172,0.15,0.199118,0.821256,0.190157,CDC NHAMCS 2019 ED (n=13595)
172,0.2,0.241541,0.768116,0.2,CDC NHAMCS 2019 ED (n=13595)
172,0.3,0.296244,0.722222,0.223301,CDC NHAMCS 2019 ED (n=13595)
173,0.05,0.068234,0.983092,0.165987,CDC NHAMCS 2019 ED (n=13595)
173,0.1,0.163847,0.927536,0.183294,CDC NHAMCS 2019 ED (n=13595)
173,0.15,0.227623,0.876812,0.200552,CDC NHAMCS 2019 ED (n=13595)
173,0.2,0.270495,0.842995,0.217581,CDC NHAMCS 2019 ED (n=13595)
173,0.3,0.32268,0.785024,0.241636,CDC NHAMCS 2019 ED (n=13595)
174,0.05,0.09381,0.961353,0.171256,CDC NHAMCS 2019 ED (n=13595)
174,0.1,0.156651,0.910628,0.183902,CDC NHAMCS 2019 ED (n=13595)
174,0.15,0.196106,0.874396,0.193273,CDC NHAMCS 2019 ED (n=13595)
174,0.2,0.238452,0.835749,0.20583,CDC NHAMCS 2019 ED (n=13595)
174,0.3,0.339819,0.702899,0.241294,CDC NHAMCS 2019 ED (n=13595)
175,0.05,0.082431,0.951691,0.166035,CDC NHAMCS 2019 ED (n=13595)
175,0.1,0.131223,0.925121,0.176011,CDC NHAMCS 2019 ED (n=13595)
175,0.15,0.177375,0.898551,0.186279,CDC NHAMCS 2019 ED (n=13595)
175,0.2,0.222541,0.871981,0.20523,CDC NHAMCS 2019 ED (n=13595)
175,0.3,0.316124,0.753623,0.240927,CDC NHAMCS 2019 ED (n=13595)
176,0.05,0.080035,0.951691,0.168017,CDC NHAMCS 2019 ED (n=13595)
176,0.1,0.155687,0.891304,0.185148,CDC NHAMCS 2019 ED (n=13595)
176,0.15,0.214018,0.845411,0.205279,CDC NHAMCS 2019 ED (n=13595)
176,0.2,0.261503,0.770531,0.215395,CDC NHAMCS 2019 ED (n=13595)
176,0.3,0.324711,0.695652,0.237232,CDC NHAMCS 2019 ED (n=13595)
177,0.05,0.064073,0.949275,0.163682,CDC NHAMCS 2019 ED (n=13595)
177,0.1,0.141027,0.888889,0.178381,CDC NHAMCS 2019 ED (n=13595)
177,0.15,0.18777,0.847826,0.187801,CDC NHAMCS 2019 ED (n=13595)
177,0.2,0.247125,0.789855,0.206179,CDC NHAMCS 2019 ED (n=13595)
177,0.3,0.321709,0.676329,0.222046,CDC NHAMCS 2019 ED (n=13595)
178,0.05,0.101395,0.942029,0.170604,CDC NHAMCS 2019 ED (n=13595)
178,0.1,0.167874,0.891304,0.18487,CDC NHAMCS 2019 ED (n=13595)
178,0.15,0.228088,0.845411,0.204559,CDC NHAMCS 2019 ED (n=13595)
178,0.2,0.267748,0.799517,0.216907,CDC NHAMCS 2019 ED (n=13595)
178,0.3,0.351387,0.681159,0.248677,CDC NHAMCS 2019 ED (n=13595)
179,0.05,0.097991,0.971014,0.172606,CDC NHAMCS 2019 ED (n=13595)
179,0.1,0.160189,0.927536,0.18506,CDC NHAMCS 2019 ED (n=13595)
179,0.15,0.207833,0.864734,0.194249,CDC NHAMCS 2019 ED (n=13595)
179,0.2,0.263491,0.804348,0.20983,CDC NHAMCS 2019 ED (n=13595)
179,0.3,0.342225,0.707729,0.243355,CDC NHAMCS 2019 ED (n=13595)
180,0.05,0.096094,0.956522,0.17069,CDC NHAMCS 2019 ED (n=13595)
180,0.1,0.168331,0.903382,0.188034,CDC NHAMCS 2019 ED (n=13595)
180,0.15,0.206647,0.842995,0.196178,CDC NHAMCS 2019 ED (n=13595)
180,0.2,0.236621,0.797101,0.202952,CDC NHAMCS 2019 ED (n=13595)
180,0.3,0.328068,0.700483,0.240066,CDC NHAMCS 2019 ED (n=13595)
181,0.05,0.083568,0.934783,0.167388,CDC NHAMCS 2019 ED (n=13595)
181,0.1,0.153259,0.898551,0.184432,CDC NHAMCS 2019 ED (n=13595)
181,0.15,0.190621,0.845411,0.190114,CDC NHAMCS 2019 ED (n=13595)
181,0.2,0.234587,0.785024,0.203252,CDC NHAMCS 2019 ED (n=13595)
181,0.3,0.329617,0.652174,0.232558,CDC NHAMCS 2019 ED (n=13595)
182,0.05,0.077441,0.958937,0.172309,CDC NHAMCS 2019 ED (n=13595)
182,0.1,0.142538,0.89372,0.181195,CDC NHAMCS 2019 ED (n=13595)
182,0.15,0.202054,0.833333,0.194366,CDC NHAMCS 2019 ED (n=13595)
182,0.2,0.246842,0.777778,0.206675,CDC NHAMCS 2019 ED (n=13595)
182,0.3,0.322699,0.700483,0.232745,CDC NHAMCS 2019 ED (n=13595)
183,0.05,0.066841,0.975845,0.168053,CDC NHAMCS 2019 ED (n=13595)
183,0.1,0.151971,0.917874,0.182692,CDC NHAMCS 2019 ED (n=13595)
183,0.15,0.204094,0.874396,0.194728,CDC NHAMCS 2019 ED (n=13595)
183,0.2,0.237708,0.855072,0.20498,CDC NHAMCS 2019 ED (n=13595)
183,0.3,0.306418,0.794686,0.231853,CDC NHAMCS 2019 ED (n=13595)
184,0.05,0.084525,0.956522,0.17338,CDC NHAMCS 2019 ED (n=13595)
184,0.1,0.145043,0.92029,0.187408,CDC NHAMCS 2019 ED (n=13595)
184,0.15,0.214399,0.845411,0.202312,CDC NHAMCS 2019 ED (n=13595)
184,0.2,0.243313,0.809179,0.210824,CDC NHAMCS 2019 ED (n=13595)
184,0.3,0.308315,0.727053,0.236821,CDC NHAMCS 2019 ED (n=13595)
185,0.05,0.095831,0.934783,0.171315,CDC NHAMCS 2019 ED (n=13595)
185,0.1,0.157683,0.864734,0.181358,CDC NHAMCS 2019 ED (n=13595)
185,0.15,0.197889,0.828502,0.191727,CDC NHAMCS 2019 ED (n=13595)
185,0.2,0.252421,0.782609,0.210526,CDC NHAMCS 2019 ED (n=13595)
185,0.3,0.326255,0.705314,0.237785,CDC NHAMCS 2019 ED (n=13595)
186,0.05,0.083302,0.963768,0.171024,CDC NHAMCS 2019 ED (n=13595)
186,0.1,0.164122,0.925121,0.189604,CDC NHAMCS 2019 ED (n=13595)
186,0.15,0.220757,0.874396,0.203029,CDC NHAMCS 2019 ED (n=13595)
186,0.2,0.25648,0.830918,0.212084,CDC NHAMCS 2019 ED (n=13595)
186,0.3,0.318273,0.731884,0.233256,CDC NHAMCS 2019 ED (n=13595)
187,0.05,0.080694,0.978261,0.171683,CDC NHAMCS 2019 ED (n=13595)
187,0.1,0.15034,0.903382,0.182261,CDC NHAMCS 2019 ED (n=13595)
187,0.15,0.204837,0.850242,0.196978,CDC NHAMCS 2019 ED (n=13595)
187,0.2,0.249961,0.792271,0.206549,CDC NHAMCS 2019 ED (n=13595)
187,0.3,0.314161,0.731884,0.231651,CDC NHAMCS 2019 ED (n=13595)
188,0.05,0.110777,0.915459,0.172116,CDC NHAMCS 2019 ED (n=13595)
188,0.1,0.149811,0.884058,0.180473,CDC NHAMCS 2019 ED (n=13595)
188,0.15,0.206408,0.811594,0.192,CDC NHAMCS 2019 ED (n=13595)
188,0.2,0.24474,0.748792,0.201299,CDC NHAMCS 2019 ED (n=13595)
188,0.3,0.328481,0.647343,0.232639,CDC NHAMCS 2019 ED (n=13595)
189,0.05,0.072463,0.97343,0.168057,CDC NHAMCS 2019 ED (n=13595)
189,0.1,0.145414,0.944444,0.188252,CDC NHAMCS 2019 ED (n=13595)
189,0.15,0.19294,0.896135,0.197445,CDC NHAMCS 2019 ED (n=13595)
189,0.2,0.221101,0.876812,0.204507,CDC NHAMCS 2019 ED (n=13595)
189,0.3,0.324084,0.724638,0.232378,CDC NHAMCS 2019 ED (n=13595)
190,0.05,0.091291,0.968599,0.170856,CDC NHAMCS 2019 ED (n=13595)
190,0.1,0.171495,0.915459,0.185149,CDC NHAMCS 2019 ED (n=13595)
190,0.15,0.249751,0.835749,0.207434,CDC NHAMCS 2019 ED (n=13595)
190,0.2,0.294701,0.775362,0.225263,CDC NHAMCS 2019 ED (n=13595)
190,0.3,0.348485,0.690821,0.246764,CDC NHAMCS 2019 ED (n=13595)
191,0.05,0.086634,0.937198,0.171302,CDC NHAMCS 2019 ED (n=13595)
191,0.1,0.145521,0.888889,0.184832,CDC NHAMCS 2019 ED (n=13595)
191,0.15,0.207757,0.830918,0.199189,CDC NHAMCS 2019 ED (n=13595)
191,0.2,0.239578,0.794686,0.20744,CDC NHAMCS 2019 ED (n=13595)
191,0.3,0.318742,0.714976,0.239676,CDC NHAMCS 2019 ED (n=13595)
192,0.05,0.089922,0.942029,0.169787,CDC NHAMCS 2019 ED (n=13595)
192,0.1,0.168868,0.891304,0.184962,CDC NHAMCS 2019 ED (n=13595)
192,0.15,0.22569,0.835749,0.197827,CDC NHAMCS 2019 ED (n=13595)
192,0.2,0.279108,0.768116,0.211436,CDC NHAMCS 2019 ED (n=13595)
192,0.3,0.331785,0.719807,0.236133,CDC NHAMCS 2019 ED (n=13595)
193,0.05,0.099414,0.934783,0.172306,CDC NHAMCS 2019 ED (n=13595)
193,0.1,0.159456,0.898551,0.188641,CDC NHAMCS 2019 ED (n=13595)
193,0.15,0.21206,0.847826,0.201956,CDC NHAMCS 2019 ED (n=13595)
193,0.2,0.275828,0.770531,0.224648,CDC NHAMCS 2019 ED (n=13595)
193,0.3,0.336678,0.700483,0.249785,CDC NHAMCS 2019 ED (n=13595)
194,0.05,0.08233,0.951691,0.169026,CDC NHAMCS 2019 ED (n=13595)
194,0.1,0.138815,0.891304,0.178866,CDC NHAMCS 2019 ED (n=13595)
194,0.15,0.184945,0.847826,0.189423,CDC NHAMCS 2019 ED (n=13595)
194,0.2,0.227795,0.804348,0.200723,CDC NHAMCS 2019 ED (n=13595)
194,0.3,0.30961,0.698068,0.230279,CDC NHAMCS 2019 ED (n=13595)
195,0.05,0.100989,0.954106,0.175244,CDC NHAMCS 2019 ED (n=13595)
195,0.1,0.166593,0.910628,0.187376,CDC NHAMCS 2019 ED (n=13595)
195,0.15,0.204396,0.871981,0.19673,CDC NHAMCS 2019 ED (n=13595)
195,0.2,0.247985,0.835749,0.210719,CDC NHAMCS 2019 ED (n=13595)
195,0.3,0.322425,0.76087,0.239362,CDC NHAMCS 2019 ED (n=13595)
196,0.05,0.11056,0.913043,0.172603,CDC NHAMCS 2019 ED (n=13595)
196,0.1,0.157026,0.876812,0.184545,CDC NHAMCS 2019 ED (n=13595)
196,0.15,0.226271,0.78744,0.202233,CDC NHAMCS 2019 ED (n=13595)
196,0.2,0.264714,0.748792,0.215128,CDC NHAMCS 2019 ED (n=13595)
196,0.3,0.319749,0.669082,0.228359,CDC NHAMCS 2019 ED (n=13595)
197,0.05,0.089249,0.954106,0.170039,CDC NHAMCS 2019 ED (n=13595)
197,0.1,0.155323,0.922705,0.187715,CDC NHAMCS 2019 ED (n=13595)
197,0.15,0.196065,0.879227,0.198582,CDC NHAMCS 2019 ED (n=13595)
197,0.2,0.228335,0.842995,0.210368,CDC NHAMCS 2019 ED (n=13595)
197,0.3,0.319934,0.693237,0.242809,CDC NHAMCS 2019 ED (n=13595)
198,0.05,0.08973,0.949275,0.168021,CDC NHAMCS 2019 ED (n=13595)
198,0.1,0.148985,0.917874,0.178236,CDC NHAMCS 2019 ED (n=13595)
198,0.15,0.22559,0.84058,0.19474,CDC NHAMCS 2019 ED (n=13595)
198,0.2,0.274304,0.794686,0.209288,CDC NHAMCS 2019 ED (n=13595)
198,0.3,0.352359,0.693237,0.236799,CDC NHAMCS 2019 ED (n=13595)
199,0.05,0.09373,0.966184,0.169492,CDC NHAMCS 2019 ED (n=13595)
199,0.1,0.189882,0.917874,0.190285,CDC NHAMCS 2019 ED (n=13595)
199,0.15,0.257865,0.871981,0.212103,CDC NHAMCS 2019 ED (n=13595)
199,0.2,0.315891,0.81401,0.23419,CDC NHAMCS 2019 ED (n=13595)
199,0.3,0.37509,0.731884,0.263937,CDC NHAMCS 2019 ED (n=13595)
