seed,threshold,spw,test_recall,test_under_triage,test_precision,test_over_triage,test_auc,test_abstention_rate,n_cal_pos,n_test,n_test_pos,Data Source
0,0.189012,5.567633,0.876812,0.123188,0.19186,0.80814,0.695632,0.224347,414,2719,414,CDC NHAMCS 2019 ED (n=13595)
1,0.202925,5.567633,0.84058,0.15942,0.194958,0.805042,0.731178,0.205223,414,2719,414,CDC NHAMCS 2019 ED (n=13595)
2,0.218927,5.567633,0.857488,0.142512,0.199103,0.800897,0.721754,0.219566,414,2719,414,CDC NHAMCS 2019 ED (n=13595)
3,0.214142,5.567633,0.864734,0.135266,0.196272,0.803728,0.722052,0.217727,414,2719,414,CDC NHAMCS 2019 ED (n=13595)
4,0.180532,5.567633,0.864734,0.135266,0.19446,0.80554,0.71184,0.205958,414,2719,414,CDC NHAMCS 2019 ED (n=13595)
5,0.222812,5.567633,0.801932,0.198068,0.200969,0.799031,0.696311,0.191982,414,2719,414,CDC NHAMCS 2019 ED (n=13595)
6,0.233366,5.567633,0.789855,0.210145,0.191116,0.808884,0.680515,0.220302,414,2719,414,CDC NHAMCS 2019 ED (n=13595)
7,0.217311,5.567633,0.862319,0.137681,0.204702,0.795298,0.735345,0.216992,414,2719,414,CDC NHAMCS 2019 ED (n=13595)
8,0.183871,5.567633,0.908213,0.091787,0.196242,0.803758,0.732776,0.230599,414,2719,414,CDC NHAMCS 2019 ED (n=13595)
9,0.213616,5.567633,0.859903,0.140097,0.194429,0.805571,0.706311,0.223612,414,2719,414,CDC NHAMCS 2019 ED (n=13595)
10,0.24514,5.567633,0.838164,0.161836,0.203638,0.796362,0.710712,0.224347,414,2719,414,CDC NHAMCS 2019 ED (n=13595)
11,0.236049,5.567633,0.842995,0.157005,0.207491,0.792509,0.714961,0.218463,414,2719,414,CDC NHAMCS 2019 ED (n=13595)
12,0.217961,5.567633,0.864734,0.135266,0.20056,0.79944,0.739865,0.219566,414,2719,414,CDC NHAMCS 2019 ED (n=13595)
13,0.195843,5.567633,0.855072,0.144928,0.19376,0.80624,0.691738,0.198235,414,2719,414,CDC NHAMCS 2019 ED (n=13595)
14,0.208526,5.567633,0.852657,0.147343,0.192371,0.807629,0.70541,0.215153,414,2719,414,CDC NHAMCS 2019 ED (n=13595)
15,0.217929,5.567633,0.821256,0.178744,0.199531,0.800469,0.719012,0.230232,414,2719,414,CDC NHAMCS 2019 ED (n=13595)
16,0.220806,5.567633,0.799517,0.200483,0.187535,0.812465,0.708548,0.218463,414,2719,414,CDC NHAMCS 2019 ED (n=13595)
17,0.185067,5.567633,0.852657,0.147343,0.189581,0.810419,0.714342,0.207429,414,2719,414,CDC NHAMCS 2019 ED (n=13595)
18,0.251768,5.567633,0.794686,0.205314,0.199394,0.800606,0.699961,0.219934,414,2719,414,CDC NHAMCS 2019 ED (n=13595)
19,0.197503,5.567633,0.862319,0.137681,0.193391,0.806609,0.719034,0.213314,414,2719,414,CDC NHAMCS 2019 ED (n=13595)
20,0.208373,5.567633,0.874396,0.125604,0.202009,0.797991,0.722512,0.221405,414,2719,414,CDC NHAMCS 2019 ED (n=13595)
21,0.203637,5.567633,0.871981,0.128019,0.201451,0.798549,0.720887,0.215153,414,2719,414,CDC NHAMCS 2019 ED (n=13595)
22,0.250545,5.567633,0.78744,0.21256,0.197098,0.802902,0.697119,0.212946,414,2719,414,CDC NHAMCS 2019 ED (n=13595)
23,0.205571,5.567633,0.830918,0.169082,0.197815,0.802185,0.710974,0.203016,414,2719,414,CDC NHAMCS 2019 ED (n=13595)
24,0.23181,5.567633,0.847826,0.152174,0.201031,0.798969,0.724889,0.230232,414,2719,414,CDC NHAMCS 2019 ED (n=13595)
25,0.226645,5.567633,0.811594,0.188406,0.190801,0.809199,0.69582,0.218095,414,2719,414,CDC NHAMCS 2019 ED (n=13595)
26,0.244465,5.567633,0.838164,0.161836,0.208158,0.791842,0.732278,0.219934,414,2719,414,CDC NHAMCS 2019 ED (n=13595)
27,0.247498,5.567633,0.81401,0.18599,0.210757,0.789243,0.724495,0.223612,414,2719,414,CDC NHAMCS 2019 ED (n=13595)
28,0.217039,5.567633,0.847826,0.152174,0.199092,0.800908,0.711224,0.196028,414,2719,414,CDC NHAMCS 2019 ED (n=13595)
29,0.229513,5.567633,0.828502,0.171498,0.201291,0.798709,0.708338,0.212578,414,2719,414,CDC NHAMCS 2019 ED (n=13595)
30,0.21407,5.567633,0.845411,0.154589,0.195749,0.804251,0.719601,0.224347,414,2719,414,CDC NHAMCS 2019 ED (n=13595)
31,0.202243,5.567633,0.869565,0.130435,0.2,0.8,0.708648,0.224715,414,2719,414,CDC NHAMCS 2019 ED (n=13595)
32,0.242706,5.567633,0.852657,0.147343,0.203811,0.796189,0.726682,0.212578,414,2719,414,CDC NHAMCS 2019 ED (n=13595)
33,0.210116,5.567633,0.850242,0.149758,0.191408,0.808592,0.722033,0.235748,414,2719,414,CDC NHAMCS 2019 ED (n=13595)
34,0.232247,5.567633,0.84058,0.15942,0.204465,0.795535,0.729086,0.225083,414,2719,414,CDC NHAMCS 2019 ED (n=13595)
35,0.200647,5.567633,0.896135,0.103865,0.197972,0.802028,0.739505,0.204487,414,2719,414,CDC NHAMCS 2019 ED (n=13595)
36,0.231954,5.567633,0.855072,0.144928,0.205934,0.794066,0.733978,0.23722,414,2719,414,CDC NHAMCS 2019 ED (n=13595)
37,0.217322,5.567633,0.835749,0.164251,0.200347,0.799653,0.709524,0.219198,414,2719,414,CDC NHAMCS 2019 ED (n=13595)
38,0.219511,5.567633,0.816425,0.183575,0.194141,0.805859,0.7004,0.215153,414,2719,414,CDC NHAMCS 2019 ED (n=13595)
39,0.185861,5.567633,0.879227,0.120773,0.194548,0.805452,0.716296,0.215888,414,2719,414,CDC NHAMCS 2019 ED (n=13595)
40,0.197876,5.567633,0.898551,0.101449,0.1984,0.8016,0.736846,0.21221,414,2719,414,CDC NHAMCS 2019 ED (n=13595)
41,0.208366,5.567633,0.852657,0.147343,0.194705,0.805295,0.71278,0.203016,414,2719,414,CDC NHAMCS 2019 ED (n=13595)
42,0.173139,5.567633,0.913043,0.086957,0.187036,0.812964,0.738554,0.230967,414,2719,414,CDC NHAMCS 2019 ED (n=13595)
43,0.193395,5.567633,0.852657,0.147343,0.194383,0.805617,0.724616,0.211843,414,2719,414,CDC NHAMCS 2019 ED (n=13595)
44,0.210788,5.567633,0.847826,0.152174,0.193923,0.806077,0.713917,0.223612,414,2719,414,CDC NHAMCS 2019 ED (n=13595)
45,0.208356,5.567633,0.888889,0.111111,0.195019,0.804981,0.751446,0.242001,414,2719,414,CDC NHAMCS 2019 ED (n=13595)
46,0.220871,5.567633,0.838164,0.161836,0.197721,0.802279,0.719815,0.219566,414,2719,414,CDC NHAMCS 2019 ED (n=13595)
47,0.186933,5.567633,0.886473,0.113527,0.195525,0.804475,0.728247,0.210004,414,2719,414,CDC NHAMCS 2019 ED (n=13595)
48,0.214498,5.567633,0.847826,0.152174,0.201493,0.798507,0.724729,0.217727,414,2719,414,CDC NHAMCS 2019 ED (n=13595)
49,0.221659,5.567633,0.886473,0.113527,0.209595,0.790405,0.74041,0.223979,414,2719,414,CDC NHAMCS 2019 ED (n=13595)
50,0.205997,5.567633,0.89372,0.10628,0.200978,0.799022,0.736421,0.213682,414,2719,414,CDC NHAMCS 2019 ED (n=13595)
51,0.263195,5.567633,0.811594,0.188406,0.215109,0.784891,0.708295,0.223979,414,2719,414,CDC NHAMCS 2019 ED (n=13595)
52,0.23373,5.567633,0.833333,0.166667,0.200698,0.799302,0.718716,0.222508,414,2719,414,CDC NHAMCS 2019 ED (n=13595)
53,0.176041,5.567633,0.903382,0.096618,0.194488,0.805512,0.732674,0.207429,414,2719,414,CDC NHAMCS 2019 ED (n=13595)
54,0.237737,5.567633,0.772947,0.227053,0.19347,0.80653,0.694232,0.227657,414,2719,414,CDC NHAMCS 2019 ED (n=13595)
55,0.182197,5.567633,0.92029,0.07971,0.191361,0.808639,0.722685,0.231335,414,2719,414,CDC NHAMCS 2019 ED (n=13595)
56,0.219101,5.567633,0.801932,0.198068,0.198446,0.801554,0.712308,0.209636,414,2719,414,CDC NHAMCS 2019 ED (n=13595)
57,0.225434,5.567633,0.823671,0.176329,0.197567,0.802433,0.688134,0.221773,414,2719,414,CDC NHAMCS 2019 ED (n=13595)
58,0.193856,5.567633,0.881643,0.118357,0.192409,0.807591,0.72227,0.228393,414,2719,414,CDC NHAMCS 2019 ED (n=13595)
59,0.204274,5.567633,0.888889,0.111111,0.201423,0.798577,0.730471,0.214417,414,2719,414,CDC NHAMCS 2019 ED (n=13595)
60,0.194694,5.567633,0.871981,0.128019,0.195558,0.804442,0.717166,0.207429,414,2719,414,CDC NHAMCS 2019 ED (n=13595)
61,0.235857,5.567633,0.845411,0.154589,0.19943,0.80057,0.711378,0.251195,414,2719,414,CDC NHAMCS 2019 ED (n=13595)
62,0.204325,5.567633,0.874396,0.125604,0.196206,0.803794,0.716694,0.219566,414,2719,414,CDC NHAMCS 2019 ED (n=13595)
63,0.24924,5.567633,0.792271,0.207729,0.207858,0.792142,0.70335,0.214785,414,2719,414,CDC NHAMCS 2019 ED (n=13595)
64,0.236437,5.567633,0.794686,0.205314,0.194215,0.805785,0.687089,0.226922,414,2719,414,CDC NHAMCS 2019 ED (n=13595)
65,0.218051,5.567633,0.864734,0.135266,0.200785,0.799215,0.71575,0.225818,414,2719,414,CDC NHAMCS 2019 ED (n=13595)
66,0.220787,5.567633,0.84058,0.15942,0.200115,0.799885,0.702829,0.230232,414,2719,414,CDC NHAMCS 2019 ED (n=13595)
67,0.194491,5.567633,0.881643,0.118357,0.197404,0.802596,0.730434,0.210004,414,2719,414,CDC NHAMCS 2019 ED (n=13595)
68,0.214675,5.567633,0.86715,0.13285,0.207875,0.792125,0.741365,0.212946,414,2719,414,CDC NHAMCS 2019 ED (n=13595)
69,0.19767,5.567633,0.869565,0.130435,0.199446,0.800554,0.718514,0.197499,414,2719,414,CDC NHAMCS 2019 ED (n=13595)
70,0.211921,5.567633,0.859903,0.140097,0.194642,0.805358,0.703272,0.219934,414,2719,414,CDC NHAMCS 2019 ED (n=13595)
71,0.224381,5.567633,0.859903,0.140097,0.205306,0.794694,0.730137,0.226922,414,2719,414,CDC NHAMCS 2019 ED (n=13595)
72,0.176996,5.567633,0.859903,0.140097,0.186681,0.813319,0.697405,0.212946,414,2719,414,CDC NHAMCS 2019 ED (n=13595)
73,0.222799,5.567633,0.845411,0.154589,0.196078,0.803922,0.728705,0.239426,414,2719,414,CDC NHAMCS 2019 ED (n=13595)
74,0.200942,5.567633,0.871981,0.128019,0.188512,0.811488,0.711463,0.226922,414,2719,414,CDC NHAMCS 2019 ED (n=13595)
75,0.19025,5.567633,0.862319,0.137681,0.189692,0.810308,0.710704,0.235013,414,2719,414,CDC NHAMCS 2019 ED (n=13595)
76,0.223665,5.567633,0.833333,0.166667,0.200116,0.799884,0.721841,0.225083,414,2719,414,CDC NHAMCS 2019 ED (n=13595)
77,0.190767,5.567633,0.86715,0.13285,0.197796,0.802204,0.73019,0.212946,414,2719,414,CDC NHAMCS 2019 ED (n=13595)
78,0.221725,5.567633,0.859903,0.140097,0.201244,0.798756,0.721086,0.226186,414,2719,414,CDC NHAMCS 2019 ED (n=13595)
79,0.190538,5.567633,0.874396,0.125604,0.2,0.8,0.713258,0.183523,414,2719,414,CDC NHAMCS 2019 ED (n=13595)
80,0.22958,5.567633,0.84058,0.15942,0.206897,0.793103,0.729232,0.214417,414,2719,414,CDC NHAMCS 2019 ED (n=13595)
81,0.206642,5.567633,0.835749,0.164251,0.197039,0.802961,0.710618,0.199338,414,2719,414,CDC NHAMCS 2019 ED (n=13595)
82,0.221553,5.567633,0.833333,0.166667,0.208082,0.791918,0.727656,0.218463,414,2719,414,CDC NHAMCS 2019 ED (n=13595)
83,0.199466,5.567633,0.869565,0.130435,0.195759,0.804241,0.720879,0.210739,414,2719,414,CDC NHAMCS 2019 ED (n=13595)
84,0.22246,5.567633,0.842995,0.157005,0.199315,0.800685,0.730345,0.217727,414,2719,414,CDC NHAMCS 2019 ED (n=13595)
85,0.219563,5.567633,0.859903,0.140097,0.196035,0.803965,0.727144,0.209636,414,2719,414,CDC NHAMCS 2019 ED (n=13595)
86,0.228186,5.567633,0.809179,0.190821,0.193418,0.806582,0.69502,0.214785,414,2719,414,CDC NHAMCS 2019 ED (n=13595)
87,0.236266,5.567633,0.818841,0.181159,0.203848,0.796152,0.70052,0.213314,414,2719,414,CDC NHAMCS 2019 ED (n=13595)
88,0.239319,5.567633,0.84058,0.15942,0.209639,0.790361,0.735324,0.229496,414,2719,414,CDC NHAMCS 2019 ED (n=13595)
89,0.22853,5.567633,0.855072,0.144928,0.204388,0.795612,0.723809,0.228761,414,2719,414,CDC NHAMCS 2019 ED (n=13595)
90,0.228264,5.567633,0.789855,0.210145,0.198182,0.801818,0.682553,0.230232,414,2719,414,CDC NHAMCS 2019 ED (n=13595)
91,0.20493,5.567633,0.857488,0.142512,0.196241,0.803759,0.716645,0.216624,414,2719,414,CDC NHAMCS 2019 ED (n=13595)
92,0.208043,5.567633,0.857488,0.142512,0.19955,0.80045,0.733051,0.228025,414,2719,414,CDC NHAMCS 2019 ED (n=13595)
93,0.222341,5.567633,0.862319,0.137681,0.199888,0.800112,0.717096,0.228761,414,2719,414,CDC NHAMCS 2019 ED (n=13595)
94,0.189125,5.567633,0.835749,0.164251,0.184141,0.815859,0.700031,0.237587,414,2719,414,CDC NHAMCS 2019 ED (n=13595)
95,0.218606,5.567633,0.847826,0.152174,0.197635,0.802365,0.72131,0.237587,414,2719,414,CDC NHAMCS 2019 ED (n=13595)
96,0.202149,5.567633,0.862319,0.137681,0.191216,0.808784,0.708095,0.216256,414,2719,414,CDC NHAMCS 2019 ED (n=13595)
97,0.187386,5.567633,0.857488,0.142512,0.192204,0.807796,0.716823,0.191247,414,2719,414,CDC NHAMCS 2019 ED (n=13595)
98,0.23933,5.567633,0.797101,0.202899,0.210191,0.789809,0.709365,0.221037,414,2719,414,CDC NHAMCS 2019 ED (n=13595)
99,0.207086,5.567633,0.859903,0.140097,0.192641,0.807359,0.720631,0.209636,414,2719,414,CDC NHAMCS 2019 ED (n=13595)
100,0.213472,5.567633,0.816425,0.183575,0.193033,0.806967,0.693048,0.225451,414,2719,414,CDC NHAMCS 2019 ED (n=13595)
101,0.212061,5.567633,0.816425,0.183575,0.195942,0.804058,0.707979,0.201177,414,2719,414,CDC NHAMCS 2019 ED (n=13595)
102,0.205274,5.567633,0.864734,0.135266,0.197028,0.802972,0.70716,0.223244,414,2719,414,CDC NHAMCS 2019 ED (n=13595)
103,0.209135,5.567633,0.857488,0.142512,0.200792,0.799208,0.720147,0.21221,414,2719,414,CDC NHAMCS 2019 ED (n=13595)
104,0.221076,5.567633,0.845411,0.154589,0.201962,0.798038,0.723595,0.219566,414,2719,414,CDC NHAMCS 2019 ED (n=13595)
105,0.208198,5.567633,0.838164,0.161836,0.195493,0.804507,0.701842,0.210371,414,2719,414,CDC NHAMCS 2019 ED (n=13595)
106,0.213715,5.567633,0.835749,0.164251,0.195812,0.804188,0.701522,0.207797,414,2719,414,CDC NHAMCS 2019 ED (n=13595)
107,0.218718,5.567633,0.852657,0.147343,0.197317,0.802683,0.726964,0.216992,414,2719,414,CDC NHAMCS 2019 ED (n=13595)
108,0.184898,5.567633,0.86715,0.13285,0.198892,0.801108,0.713961,0.198602,414,2719,414,CDC NHAMCS 2019 ED (n=13595)
109,0.208809,5.567633,0.852657,0.147343,0.203107,0.796893,0.732668,0.199338,414,2719,414,CDC NHAMCS 2019 ED (n=13595)
110,0.206131,5.567633,0.855072,0.144928,0.194612,0.805388,0.708381,0.207429,414,2719,414,CDC NHAMCS 2019 ED (n=13595)
111,0.211994,5.567633,0.884058,0.115942,0.201209,0.798791,0.733309,0.216256,414,2719,414,CDC NHAMCS 2019 ED (n=13595)
112,0.198764,5.567633,0.816425,0.183575,0.193919,0.806081,0.701494,0.191247,414,2719,414,CDC NHAMCS 2019 ED (n=13595)
113,0.206364,5.567633,0.876812,0.123188,0.200997,0.799003,0.735034,0.213314,414,2719,414,CDC NHAMCS 2019 ED (n=13595)
114,0.197535,5.567633,0.881643,0.118357,0.197939,0.802061,0.729787,0.21883,414,2719,414,CDC NHAMCS 2019 ED (n=13595)
115,0.222456,5.567633,0.86715,0.13285,0.199444,0.800556,0.735156,0.233174,414,2719,414,CDC NHAMCS 2019 ED (n=13595)
116,0.193338,5.567633,0.842995,0.157005,0.190294,0.809706,0.700885,0.216256,414,2719,414,CDC NHAMCS 2019 ED (n=13595)
117,0.213867,5.567633,0.86715,0.13285,0.203169,0.796831,0.730514,0.209636,414,2719,414,CDC NHAMCS 2019 ED (n=13595)
118,0.207396,5.567633,0.864734,0.135266,0.200785,0.799215,0.727018,0.213682,414,2719,414,CDC NHAMCS 2019 ED (n=13595)
119,0.227276,5.567633,0.801932,0.198068,0.202316,0.797684,0.70852,0.193821,414,2719,414,CDC NHAMCS 2019 ED (n=13595)
120,0.186008,5.567633,0.859903,0.140097,0.18727,0.81273,0.705188,0.219566,414,2719,414,CDC NHAMCS 2019 ED (n=13595)
121,0.190237,5.567633,0.874396,0.125604,0.196526,0.803474,0.722477,0.207429,414,2719,414,CDC NHAMCS 2019 ED (n=13595)
122,0.253831,5.567633,0.845411,0.154589,0.202312,0.797688,0.732301,0.244943,414,2719,414,CDC NHAMCS 2019 ED (n=13595)
123,0.2108,5.567633,0.852657,0.147343,0.198203,0.801797,0.71753,0.219198,414,2719,414,CDC NHAMCS 2019 ED (n=13595)
124,0.22054,5.567633,0.850242,0.149758,0.199433,0.800567,0.706417,0.216624,414,2719,414,CDC NHAMCS 2019 ED (n=13595)
125,0.20998,5.567633,0.857488,0.142512,0.197332,0.802668,0.711442,0.21552,414,2719,414,CDC NHAMCS 2019 ED (n=13595)
126,0.207363,5.567633,0.828502,0.171498,0.193785,0.806215,0.701371,0.198602,414,2719,414,CDC NHAMCS 2019 ED (n=13595)
127,0.201406,5.567633,0.864734,0.135266,0.20169,0.79831,0.707931,0.212946,414,2719,414,CDC NHAMCS 2019 ED (n=13595)
128,0.19195,5.567633,0.905797,0.094203,0.199045,0.800955,0.728165,0.193821,414,2719,414,CDC NHAMCS 2019 ED (n=13595)
129,0.173739,5.567633,0.903382,0.096618,0.189944,0.810056,0.741624,0.21883,414,2719,414,CDC NHAMCS 2019 ED (n=13595)
130,0.234385,5.567633,0.845411,0.154589,0.205038,0.794962,0.723096,0.22214,414,2719,414,CDC NHAMCS 2019 ED (n=13595)
131,0.22116,5.567633,0.830918,0.169082,0.194131,0.805869,0.700092,0.231335,414,2719,414,CDC NHAMCS 2019 ED (n=13595)
132,0.201493,5.567633,0.864734,0.135266,0.198338,0.801662,0.715388,0.228393,414,2719,414,CDC NHAMCS 2019 ED (n=13595)
133,0.226984,5.567633,0.811594,0.188406,0.199881,0.800119,0.712687,0.219934,414,2719,414,CDC NHAMCS 2019 ED (n=13595)
134,0.228577,5.567633,0.828502,0.171498,0.201173,0.798827,0.714152,0.22214,414,2719,414,CDC NHAMCS 2019 ED (n=13595)
135,0.194955,5.567633,0.850242,0.149758,0.19523,0.80477,0.70861,0.211475,414,2719,414,CDC NHAMCS 2019 ED (n=13595)
136,0.254558,5.567633,0.828502,0.171498,0.207376,0.792624,0.730371,0.236116,414,2719,414,CDC NHAMCS 2019 ED (n=13595)
137,0.210392,5.567633,0.850242,0.149758,0.197975,0.802025,0.717485,0.21552,414,2719,414,CDC NHAMCS 2019 ED (n=13595)
138,0.226347,5.567633,0.847826,0.152174,0.20184,0.79816,0.722535,0.233174,414,2719,414,CDC NHAMCS 2019 ED (n=13595)
139,0.201433,5.567633,0.833333,0.166667,0.197481,0.802519,0.718994,0.21883,414,2719,414,CDC NHAMCS 2019 ED (n=13595)
140,0.223106,5.567633,0.835749,0.164251,0.198054,0.801946,0.718677,0.218463,414,2719,414,CDC NHAMCS 2019 ED (n=13595)
141,0.225533,5.567633,0.804348,0.195652,0.193268,0.806732,0.695333,0.216256,414,2719,414,CDC NHAMCS 2019 ED (n=13595)
142,0.242759,5.567633,0.850242,0.149758,0.209524,0.790476,0.729871,0.235013,414,2719,414,CDC NHAMCS 2019 ED (n=13595)
143,0.196371,5.567633,0.859903,0.140097,0.191914,0.808086,0.716193,0.216992,414,2719,414,CDC NHAMCS 2019 ED (n=13595)
144,0.227648,5.567633,0.811594,0.188406,0.197996,0.802004,0.700259,0.209268,414,2719,414,CDC NHAMCS 2019 ED (n=13595)
145,0.221804,5.567633,0.852657,0.147343,0.197097,0.802903,0.720999,0.212946,414,2719,414,CDC NHAMCS 2019 ED (n=13595)
146,0.186593,5.567633,0.847826,0.152174,0.191176,0.808824,0.72049,0.217727,414,2719,414,CDC NHAMCS 2019 ED (n=13595)
147,0.210044,5.567633,0.816425,0.183575,0.195715,0.804285,0.713415,0.219198,414,2719,414,CDC NHAMCS 2019 ED (n=13595)
148,0.208691,5.567633,0.850242,0.149758,0.199208,0.800792,0.722982,0.210004,414,2719,414,CDC NHAMCS 2019 ED (n=13595)
149,0.211661,5.567633,0.845411,0.154589,0.200114,0.799886,0.712316,0.209268,414,2719,414,CDC NHAMCS 2019 ED (n=13595)
150,0.217074,5.567633,0.86715,0.13285,0.20214,0.79786,0.730414,0.217359,414,2719,414,CDC NHAMCS 2019 ED (n=13595)
151,0.194821,5.567633,0.871981,0.128019,0.193048,0.806952,0.722106,0.219934,414,2719,414,CDC NHAMCS 2019 ED (n=13595)
152,0.19909,5.567633,0.855072,0.144928,0.189914,0.810086,0.713964,0.218095,414,2719,414,CDC NHAMCS 2019 ED (n=13595)
153,0.237753,5.567633,0.862319,0.137681,0.208406,0.791594,0.726348,0.24384,414,2719,414,CDC NHAMCS 2019 ED (n=13595)
154,0.201245,5.567633,0.869565,0.130435,0.201568,0.798432,0.729835,0.209636,414,2719,414,CDC NHAMCS 2019 ED (n=13595)
155,0.205217,5.567633,0.862319,0.137681,0.19455,0.80545,0.723082,0.227657,414,2719,414,CDC NHAMCS 2019 ED (n=13595)
156,0.2404,5.567633,0.833333,0.166667,0.204263,0.795737,0.729415,0.211843,414,2719,414,CDC NHAMCS 2019 ED (n=13595)
157,0.195098,5.567633,0.84058,0.15942,0.191947,0.808053,0.700335,0.210371,414,2719,414,CDC NHAMCS 2019 ED (n=13595)
158,0.226787,5.567633,0.857488,0.142512,0.19955,0.80045,0.72261,0.225818,414,2719,414,CDC NHAMCS 2019 ED (n=13595)
159,0.203885,5.567633,0.835749,0.164251,0.199539,0.800461,0.689179,0.208533,414,2719,414,CDC NHAMCS 2019 ED (n=13595)
160,0.20856,5.567633,0.859903,0.140097,0.19855,0.80145,0.714103,0.234645,414,2719,414,CDC NHAMCS 2019 ED (n=13595)
161,0.218747,5.567633,0.845411,0.154589,0.19943,0.80057,0.706036,0.206326,414,2719,414,CDC NHAMCS 2019 ED (n=13595)
162,0.192336,5.567633,0.830918,0.169082,0.187568,0.812432,0.704537,0.208165,414,2719,414,CDC NHAMCS 2019 ED (n=13595)
163,0.202872,5.567633,0.891304,0.108696,0.192388,0.807612,0.715137,0.228025,414,2719,414,CDC NHAMCS 2019 ED (n=13595)
164,0.188556,5.567633,0.869565,0.130435,0.200781,0.799219,0.722351,0.203751,414,2719,414,CDC NHAMCS 2019 ED (n=13595)
165,0.186977,5.567633,0.86715,0.13285,0.188848,0.811152,0.714529,0.229496,414,2719,414,CDC NHAMCS 2019 ED (n=13595)
166,0.192465,5.567633,0.886473,0.113527,0.191345,0.808655,0.720415,0.233542,414,2719,414,CDC NHAMCS 2019 ED (n=13595)
167,0.233441,5.567633,0.84058,0.15942,0.201389,0.798611,0.733418,0.217727,414,2719,414,CDC NHAMCS 2019 ED (n=13595)
168,0.208494,5.567633,0.896135,0.103865,0.20634,0.79366,0.748454,0.223612,414,2719,414,CDC NHAMCS 2019 ED (n=13595)
169,0.184361,5.567633,0.864734,0.135266,0.193618,0.806382,0.720302,0.204119,414,2719,414,CDC NHAMCS 2019 ED (n=13595)
170,0.241633,5.567633,0.811594,0.188406,0.197763,0.802237,0.68101,0.225451,414,2719,414,CDC NHAMCS 2019 ED (n=13595)
171,0.196972,5.567633,0.852657,0.147343,0.190914,0.809086,0.701951,0.225818,414,2719,414,CDC NHAMCS 2019 ED (n=13595)
172,0.199118,5.567633,0.821256,0.178744,0.190157,0.809843,0.708345,0.205223,414,2719,414,CDC NHAMCS 2019 ED (n=13595)
173,0.227623,5.567633,0.876812,0.123188,0.200552,0.799448,0.749728,0.243472,414,2719,414,CDC NHAMCS 2019 ED (n=13595)
174,0.196106,5.567633,0.874396,0.125604,0.193273,0.806727,0.7155,0.219566,414,2719,414,CDC NHAMCS 2019 ED (n=13595)
175,0.177375,5.567633,0.898551,0.101449,0.186279,0.813721,0.731962,0.219566,414,2719,414,CDC NHAMCS 2019 ED (n=13595)
176,0.214018,5.567633,0.845411,0.154589,0.205279,0.794721,0.716698,0.221037,414,2719,414,CDC NHAMCS 2019 ED (n=13595)
177,0.18777,5.567633,0.847826,0.152174,0.187801,0.812199,0.678128,0.225451,414,2719,414,CDC NHAMCS 2019 ED (n=13595)
178,0.228088,5.567633,0.845411,0.154589,0.204559,0.795441,0.720015,0.208165,414,2719,414,CDC NHAMCS 2019 ED (n=13595)
179,0.207833,5.567633,0.864734,0.135266,0.194249,0.805751,0.724814,0.225451,414,2719,414,CDC NHAMCS 2019 ED (n=13595)
180,0.206647,5.567633,0.842995,0.157005,0.196178,0.803822,0.724493,0.207061,414,2719,414,CDC NHAMCS 2019 ED (n=13595)
181,0.190621,5.567633,0.845411,0.154589,0.190114,0.809886,0.686945,0.203016,414,2719,414,CDC NHAMCS 2019 ED (n=13595)
182,0.202054,5.567633,0.833333,0.166667,0.194366,0.805634,0.71104,0.206326,414,2719,414,CDC NHAMCS 2019 ED (n=13595)
183,0.204094,5.567633,0.874396,0.125604,0.194728,0.805272,0.730428,0.235013,414,2719,414,CDC NHAMCS 2019 ED (n=13595)
184,0.214399,5.567633,0.845411,0.154589,0.202312,0.797688,0.720901,0.210739,414,2719,414,CDC NHAMCS 2019 ED (n=13595)
185,0.197889,5.567633,0.828502,0.171498,0.191727,0.808273,0.700448,0.204119,414,2719,414,CDC NHAMCS 2019 ED (n=13595)
186,0.220757,5.567633,0.874396,0.125604,0.203029,0.796971,0.734292,0.224347,414,2719,414,CDC NHAMCS 2019 ED (n=13595)
187,0.204837,5.567633,0.850242,0.149758,0.196978,0.803022,0.726007,0.225083,414,2719,414,CDC NHAMCS 2019 ED (n=13595)
188,0.206408,5.567633,0.811594,0.188406,0.192,0.808,0.685013,0.194925,414,2719,414,CDC NHAMCS 2019 ED (n=13595)
189,0.19294,5.567633,0.896135,0.103865,0.197445,0.802555,0.729274,0.230232,414,2719,414,CDC NHAMCS 2019 ED (n=13595)
190,0.249751,5.567633,0.835749,0.164251,0.207434,0.792566,0.717905,0.223244,414,2719,414,CDC NHAMCS 2019 ED (n=13595)
191,0.207757,5.567633,0.830918,0.169082,0.199189,0.800811,0.722422,0.216256,414,2719,414,CDC NHAMCS 2019 ED (n=13595)
192,0.22569,5.567633,0.835749,0.164251,0.197827,0.802173,0.708215,0.223244,414,2719,414,CDC NHAMCS 2019 ED (n=13595)
193,0.21206,5.567633,0.847826,0.152174,0.201956,0.798044,0.719576,0.217359,414,2719,414,CDC NHAMCS 2019 ED (n=13595)
194,0.184945,5.567633,0.847826,0.152174,0.189423,0.810577,0.708392,0.201177,414,2719,414,CDC NHAMCS 2019 ED (n=13595)
195,0.204396,5.567633,0.871981,0.128019,0.19673,0.80327,0.734853,0.228025,414,2719,414,CDC NHAMCS 2019 ED (n=13595)
196,0.226271,5.567633,0.78744,0.21256,0.202233,0.797767,0.693387,0.197499,414,2719,414,CDC NHAMCS 2019 ED (n=13595)
197,0.196065,5.567633,0.879227,0.120773,0.198582,0.801418,0.720573,0.190511,414,2719,414,CDC NHAMCS 2019 ED (n=13595)
198,0.22559,5.567633,0.84058,0.15942,0.19474,0.80526,0.708271,0.230967,414,2719,414,CDC NHAMCS 2019 ED (n=13595)
199,0.257865,5.567633,0.871981,0.128019,0.212103,0.787897,0.744528,0.245679,414,2719,414,CDC NHAMCS 2019 ED (n=13595)
