recall,precision,f1,fpr,under_triage,over_triage,threshold,abstention_rate,model,Data Source
1.0,0.15226186097830086,0.26428343440791574,1.0,0.0,0.8477381390216991,0.01,0.3943361529974255,logreg,CDC NHAMCS 2019 ED (n=13595)
1.0,0.15226186097830086,0.26428343440791574,1.0,0.0,0.8477381390216991,0.02,0.3943361529974255,logreg,CDC NHAMCS 2019 ED (n=13595)
1.0,0.15226186097830086,0.26428343440791574,1.0,0.0,0.8477381390216991,0.03,0.3943361529974255,logreg,CDC NHAMCS 2019 ED (n=13595)
1.0,0.15226186097830086,0.26428343440791574,1.0,0.0,0.8477381390216991,0.04,0.3943361529974255,logreg,CDC NHAMCS 2019 ED (n=13595)
0.9995169082125603,0.15226670591698557,0.26427385362115213,0.9994793926247288,0.0004830917874396601,0.8477332940830145,0.05,0.3943361529974255,logreg,CDC NHAMCS 2019 ED (n=13595)
0.9995169082125603,0.15252488020641355,0.2646626159258075,0.9974837310195228,0.0004830917874396601,0.8474751197935865,0.06,0.3943361529974255,logreg,CDC NHAMCS 2019 ED (n=13595)
0.9985507246376811,0.15273775216138327,0.26494904825995,0.994880694143167,0.0014492753623188692,0.8472622478386167,0.07,0.3943361529974255,logreg,CDC NHAMCS 2019 ED (n=13595)
0.9980676328502416,0.1530257017998667,0.26536510179179246,0.9921908893709328,0.0019323671497584183,0.8469742982001334,0.08,0.3943361529974255,logreg,CDC NHAMCS 2019 ED (n=13595)
0.9975845410628019,0.15336056442629037,0.2658513035082073,0.9891540130151844,0.0024154589371980784,0.8466394355737097,0.09,0.3943361529974255,logreg,CDC NHAMCS 2019 ED (n=13595)
0.9971014492753624,0.15383468733696057,0.2665461354684574,0.9850759219088937,0.0028985507246376274,0.8461653126630394,0.1,0.3943361529974255,logreg,CDC NHAMCS 2019 ED (n=13595)
0.9971014492753624,0.1546299071021876,0.267739006356207,0.9790889370932755,0.0028985507246376274,0.8453700928978124,0.11,0.3943361529974255,logreg,CDC NHAMCS 2019 ED (n=13595)
0.9951690821256038,0.1553310209621475,0.26871901904513434,0.9719739696312364,0.004830917874396157,0.8446689790378525,0.12,0.3943361529974255,logreg,CDC NHAMCS 2019 ED (n=13595)
0.9946859903381643,0.1562689738919247,0.27010363373999735,0.9645986984815618,0.005314009661835706,0.8437310261080753,0.13,0.3943361529974255,logreg,CDC NHAMCS 2019 ED (n=13595)
0.9942028985507246,0.15735147947090755,0.27170110238299555,0.9562689804772234,0.005797101449275366,0.8426485205290924,0.14,0.3943361529974255,logreg,CDC NHAMCS 2019 ED (n=13595)
0.9908212560386473,0.15785422920033865,0.2723229104428069,0.94941431670282,0.009178743961352653,0.8421457707996614,0.15,0.3943361529974255,logreg,CDC NHAMCS 2019 ED (n=13595)
0.9884057971014493,0.15870307167235495,0.27349284854965916,0.9410845986984816,0.011594202898550732,0.841296928327645,0.16,0.3943361529974255,logreg,CDC NHAMCS 2019 ED (n=13595)
0.985024154589372,0.15952120168987638,0.27457581470509024,0.9321475054229935,0.01497584541062802,0.8404787983101236,0.17,0.3943361529974255,logreg,CDC NHAMCS 2019 ED (n=13595)
0.9830917874396136,0.16056493608963232,0.27604449267498643,0.9231236442516269,0.016908212560386437,0.8394350639103677,0.18,0.3943361529974255,logreg,CDC NHAMCS 2019 ED (n=13595)
0.9797101449275363,0.16141356255969436,0.2771627716277163,0.9141865509761389,0.020289855072463725,0.8385864374403056,0.19,0.3943361529974255,logreg,CDC NHAMCS 2019 ED (n=13595)
0.9772946859903382,0.16256830601092895,0.2787653300261816,0.9042082429501085,0.022705314009661803,0.837431693989071,0.2,0.3943361529974255,logreg,CDC NHAMCS 2019 ED (n=13595)
0.9743961352657005,0.16367767589061105,0.2802751337455708,0.8942299349240781,0.025603864734299542,0.8363223241093889,0.21,0.3943361529974255,logreg,CDC NHAMCS 2019 ED (n=13595)
0.9710144927536232,0.1651330923430825,0.2822637270046342,0.8817353579175705,0.02898550724637683,0.8348669076569175,0.22,0.3943361529974255,logreg,CDC NHAMCS 2019 ED (n=13595)
0.9671497584541063,0.16623764842647182,0.2837100545596259,0.871236442516269,0.032850241545893666,0.8337623515735282,0.23,0.3943361529974255,logreg,CDC NHAMCS 2019 ED (n=13595)
0.9637681159420289,0.1677739466823648,0.28579614640785045,0.8586550976138828,0.036231884057971064,0.8322260533176352,0.24,0.3943361529974255,logreg,CDC NHAMCS 2019 ED (n=13595)
0.9584541062801932,0.16919665700153505,0.28761959988402436,0.84529284164859,0.04154589371980677,0.8308033429984649,0.25,0.3943361529974255,logreg,CDC NHAMCS 2019 ED (n=13595)
0.9545893719806763,0.17103782567298537,0.2900976290097629,0.8309761388286334,0.04541062801932372,0.8289621743270146,0.26,0.3943361529974255,logreg,CDC NHAMCS 2019 ED (n=13595)
0.9497584541062802,0.17281997187060477,0.29242897515989885,0.8164859002169197,0.05024154589371976,0.8271800281293953,0.27,0.3943361529974255,logreg,CDC NHAMCS 2019 ED (n=13595)
0.9449275362318841,0.17541027710519236,0.2958928976628092,0.7978308026030368,0.05507246376811592,0.8245897228948076,0.28,0.3943361529974255,logreg,CDC NHAMCS 2019 ED (n=13595)
0.9396135265700483,0.17722095671981777,0.298198543503258,0.7835140997830803,0.06038647342995174,0.8227790432801823,0.29,0.3943361529974255,logreg,CDC NHAMCS 2019 ED (n=13595)
0.9304347826086956,0.17841593330245484,0.2994170229304314,0.7695444685466377,0.06956521739130439,0.8215840666975451,0.3,0.3943361529974255,logreg,CDC NHAMCS 2019 ED (n=13595)
0.923671497584541,0.18058179070646013,0.3021014378258809,0.7527982646420824,0.07632850241545897,0.8194182092935398,0.31,0.3943361529974255,logreg,CDC NHAMCS 2019 ED (n=13595)
0.9164251207729469,0.18317883352645808,0.3053275390310639,0.7339696312364425,0.08357487922705309,0.8168211664735419,0.32,0.3943361529974255,logreg,CDC NHAMCS 2019 ED (n=13595)
0.9091787439613527,0.18554668244109238,0.30819618439367885,0.7167895878524946,0.09082125603864732,0.8144533175589076,0.33,0.3943361529974255,logreg,CDC NHAMCS 2019 ED (n=13595)
0.9028985507246376,0.18909348441926346,0.31269867826668896,0.6954446854663774,0.09710144927536235,0.8109065155807366,0.34,0.3943361529974255,logreg,CDC NHAMCS 2019 ED (n=13595)
0.8908212560386474,0.1921233590331319,0.3160781624957148,0.6727982646420825,0.10917874396135263,0.8078766409668681,0.35,0.3943361529974255,logreg,CDC NHAMCS 2019 ED (n=13595)
0.8763285024154589,0.1954109662824518,0.31956311107196333,0.6480694143167028,0.1236714975845411,0.8045890337175482,0.36,0.3943361529974255,logreg,CDC NHAMCS 2019 ED (n=13595)
0.8589371980676328,0.19917105410552258,0.3233609166136219,0.6203036876355749,0.1410628019323672,0.8008289458944774,0.37,0.3943361529974255,logreg,CDC NHAMCS 2019 ED (n=13595)
0.8458937198067633,0.20386540924438235,0.32854864433811803,0.5933188720173536,0.1541062801932367,0.7961345907556177,0.38,0.3943361529974255,logreg,CDC NHAMCS 2019 ED (n=13595)
0.8280193236714976,0.20899890257285697,0.3337552331808003,0.5628633405639913,0.17198067632850245,0.7910010974271431,0.39,0.3943361529974255,logreg,CDC NHAMCS 2019 ED (n=13595)
0.8111111111111111,0.2137764196587726,0.33837162434502216,0.5357917570498916,0.18888888888888888,0.7862235803412274,0.4,0.3943361529974255,logreg,CDC NHAMCS 2019 ED (n=13595)
0.7917874396135266,0.21786521334573974,0.34170749504847286,0.5105422993492408,0.2082125603864734,0.7821347866542603,0.41,0.3943361529974255,logreg,CDC NHAMCS 2019 ED (n=13595)
0.7729468599033816,0.22268615170494085,0.3457590491626148,0.48459869848156184,0.22705314009661837,0.7773138482950591,0.42,0.3943361529974255,logreg,CDC NHAMCS 2019 ED (n=13595)
0.7507246376811594,0.22712657117801813,0.3487432675044883,0.4588286334056399,0.24927536231884062,0.7728734288219818,0.43,0.3943361529974255,logreg,CDC NHAMCS 2019 ED (n=13595)
0.7294685990338164,0.2329887363061256,0.35317506724359726,0.4313232104121475,0.27053140096618356,0.7670112636938744,0.44,0.3943361529974255,logreg,CDC NHAMCS 2019 ED (n=13595)
0.7077294685990339,0.23871598500896204,0.3570123065675643,0.40537960954446856,0.29227053140096615,0.7612840149910379,0.45,0.3943361529974255,logreg,CDC NHAMCS 2019 ED (n=13595)
0.6932367149758454,0.24614065180102915,0.3632911392405063,0.3813449023861171,0.3067632850241546,0.7538593481989708,0.46,0.3943361529974255,logreg,CDC NHAMCS 2019 ED (n=13595)
0.6734299516908212,0.25166997653005957,0.36640820081482456,0.3596529284164859,0.3265700483091788,0.7483300234699404,0.47,0.3943361529974255,logreg,CDC NHAMCS 2019 ED (n=13595)
0.6536231884057971,0.2572732458642327,0.3692181743757675,0.3389154013015184,0.34637681159420286,0.7427267541357673,0.48,0.3943361529974255,logreg,CDC NHAMCS 2019 ED (n=13595)
0.6294685990338165,0.26227858293075684,0.3702756464904802,0.3180043383947939,0.37053140096618353,0.7377214170692432,0.49,0.3943361529974255,logreg,CDC NHAMCS 2019 ED (n=13595)
0.6091787439613526,0.2686408180656157,0.372856298048492,0.29787418655097614,0.39082125603864737,0.7313591819343843,0.5,0.3943361529974255,logreg,CDC NHAMCS 2019 ED (n=13595)
0.5826086956521739,0.27309782608695654,0.37187789084181316,0.2785249457700651,0.4173913043478261,0.7269021739130435,0.51,0.3943361529974255,logreg,CDC NHAMCS 2019 ED (n=13595)
0.5603864734299517,0.2791145332050048,0.37263090266623833,0.2599566160520607,0.43961352657004826,0.7208854667949952,0.52,0.3943361529974255,logreg,CDC NHAMCS 2019 ED (n=13595)
0.5458937198067633,0.28600354340673245,0.3753529314067431,0.24477223427331887,0.45410628019323673,0.7139964565932675,0.53,0.3943361529974255,logreg,CDC NHAMCS 2019 ED (n=13595)
0.5260869565217391,0.2923489932885906,0.37584124245038825,0.22872017353579177,0.4739130434782609,0.7076510067114095,0.54,0.3943361529974255,logreg,CDC NHAMCS 2019 ED (n=13595)
0.5033816425120773,0.29848181036952165,0.3747527423125337,0.2124945770065076,0.4966183574879227,0.7015181896304783,0.55,0.3943361529974255,logreg,CDC NHAMCS 2019 ED (n=13595)
0.4864734299516908,0.3072932560268538,0.3766598092388255,0.19696312364425161,0.5135265700483091,0.6927067439731462,0.56,0.3943361529974255,logreg,CDC NHAMCS 2019 ED (n=13595)
0.46570048309178746,0.31585845347313235,0.37641546270987897,0.1811713665943601,0.5342995169082125,0.6841415465268676,0.57,0.3943361529974255,logreg,CDC NHAMCS 2019 ED (n=13595)
0.4492753623188406,0.32608695652173914,0.3778951645672491,0.16676789587852495,0.5507246376811594,0.6739130434782609,0.58,0.3943361529974255,logreg,CDC NHAMCS 2019 ED (n=13595)
0.43429951690821256,0.3363262252151141,0.3790849673202614,0.15392624728850327,0.5657004830917874,0.6636737747848859,0.59,0.3943361529974255,logreg,CDC NHAMCS 2019 ED (n=13595)
0.41739130434782606,0.34657039711191334,0.378698224852071,0.14134490238611713,0.5826086956521739,0.6534296028880866,0.6,0.3943361529974255,logreg,CDC NHAMCS 2019 ED (n=13595)
0.4038647342995169,0.3594153052450559,0.38034576888080074,0.12928416485900218,0.596135265700483,0.6405846947549441,0.61,0.3943361529974255,logreg,CDC NHAMCS 2019 ED (n=13595)
0.385024154589372,0.3677895708352561,0.3762095822515931,0.11887201735357918,0.614975845410628,0.6322104291647439,0.62,0.3943361529974255,logreg,CDC NHAMCS 2019 ED (n=13595)
0.37294685990338167,0.3788027477919529,0.3758519961051607,0.10984815618221258,0.6270531400966184,0.6211972522080471,0.63,0.3943361529974255,logreg,CDC NHAMCS 2019 ED (n=13595)
0.3565217391304348,0.3890353189246178,0.3720695739853794,0.10056399132321041,0.6434782608695653,0.6109646810753822,0.64,0.3943361529974255,logreg,CDC NHAMCS 2019 ED (n=13595)
0.34106280193236715,0.4022792022792023,0.36915032679738563,0.09101952277657267,0.6589371980676328,0.5977207977207977,0.65,0.3943361529974255,logreg,CDC NHAMCS 2019 ED (n=13595)
0.32657004830917874,0.41728395061728396,0.3663956639566396,0.08190889370932755,0.6734299516908213,0.582716049382716,0.66,0.3943361529974255,logreg,CDC NHAMCS 2019 ED (n=13595)
0.3111111111111111,0.42592592592592593,0.3595756560580681,0.07531453362255966,0.6888888888888889,0.5740740740740741,0.67,0.3943361529974255,logreg,CDC NHAMCS 2019 ED (n=13595)
0.29806763285024157,0.4375886524822695,0.3545977011494253,0.06880694143167028,0.7019323671497584,0.5624113475177305,0.68,0.3943361529974255,logreg,CDC NHAMCS 2019 ED (n=13595)
0.28743961352657005,0.4562883435582822,0.35269709543568467,0.06151843817787419,0.71256038647343,0.5437116564417178,0.69,0.3943361529974255,logreg,CDC NHAMCS 2019 ED (n=13595)
0.2777777777777778,0.46900489396411094,0.34890776699029125,0.05648590021691974,0.7222222222222222,0.5309951060358891,0.7,0.3943361529974255,logreg,CDC NHAMCS 2019 ED (n=13595)
0.26763285024154587,0.47676419965576594,0.34282178217821785,0.052754880694143164,0.7323671497584541,0.5232358003442341,0.71,0.3943361529974255,logreg,CDC NHAMCS 2019 ED (n=13595)
0.2565217391304348,0.4853747714808044,0.3356510745891277,0.048850325379609545,0.7434782608695651,0.5146252285191957,0.72,0.3943361529974255,logreg,CDC NHAMCS 2019 ED (n=13595)
0.24057971014492754,0.491609081934847,0.32306195264352905,0.04468546637744035,0.7594202898550725,0.508390918065153,0.73,0.3943361529974255,logreg,CDC NHAMCS 2019 ED (n=13595)
0.2318840579710145,0.5015673981191222,0.31714568880079286,0.0413882863340564,0.7681159420289855,0.4984326018808778,0.74,0.3943361529974255,logreg,CDC NHAMCS 2019 ED (n=13595)
0.22077294685990337,0.5146396396396397,0.30899256254225826,0.03739696312364425,0.7792270531400967,0.48536036036036034,0.75,0.3943361529974255,logreg,CDC NHAMCS 2019 ED (n=13595)
0.2111111111111111,0.5322777101096224,0.30231753718436527,0.033318872017353576,0.7888888888888889,0.46772228989037756,0.76,0.3943361529974255,logreg,CDC NHAMCS 2019 ED (n=13595)
0.19710144927536233,0.5425531914893617,0.2891566265060241,0.029848156182212583,0.8028985507246377,0.45744680851063835,0.77,0.3943361529974255,logreg,CDC NHAMCS 2019 ED (n=13595)
0.18454106280193236,0.5457142857142857,0.275812274368231,0.027592190889370934,0.8154589371980676,0.4542857142857143,0.78,0.3943361529974255,logreg,CDC NHAMCS 2019 ED (n=13595)
0.1782608695652174,0.5548872180451128,0.26983546617915904,0.025683297180043384,0.8217391304347826,0.44511278195488724,0.79,0.3943361529974255,logreg,CDC NHAMCS 2019 ED (n=13595)
0.1647342995169082,0.5599343185550082,0.2545726017170586,0.023253796095444687,0.8352657004830918,0.4400656814449918,0.8,0.3943361529974255,logreg,CDC NHAMCS 2019 ED (n=13595)
0.15458937198067632,0.5714285714285714,0.24334600760456274,0.020824295010845987,0.8454106280193237,0.4285714285714286,0.81,0.3943361529974255,logreg,CDC NHAMCS 2019 ED (n=13595)
0.1463768115942029,0.5883495145631068,0.2344294003868472,0.01839479392624729,0.8536231884057971,0.4116504854368932,0.82,0.3943361529974255,logreg,CDC NHAMCS 2019 ED (n=13595)
0.1318840579710145,0.5973741794310722,0.21606648199445982,0.01596529284164859,0.8681159420289855,0.4026258205689278,0.83,0.3943361529974255,logreg,CDC NHAMCS 2019 ED (n=13595)
0.11980676328502415,0.6004842615012107,0.19975835682641965,0.014316702819956615,0.8801932367149758,0.3995157384987893,0.84,0.3943361529974255,logreg,CDC NHAMCS 2019 ED (n=13595)
0.11304347826086956,0.612565445026178,0.19086460032626426,0.012841648590021692,0.8869565217391304,0.38743455497382195,0.85,0.3943361529974255,logreg,CDC NHAMCS 2019 ED (n=13595)
0.10193236714975845,0.6151603498542274,0.17488603398259428,0.011453362255965292,0.8980676328502415,0.3848396501457726,0.86,0.3943361529974255,logreg,CDC NHAMCS 2019 ED (n=13595)
0.09516908212560386,0.6273885350318471,0.16526845637583892,0.010151843817787418,0.9048309178743962,0.3726114649681529,0.87,0.3943361529974255,logreg,CDC NHAMCS 2019 ED (n=13595)
0.08405797101449275,0.6170212765957447,0.14795918367346939,0.009370932754880695,0.9159420289855073,0.3829787234042553,0.88,0.3943361529974255,logreg,CDC NHAMCS 2019 ED (n=13595)
0.07391304347826087,0.6095617529880478,0.13183972425678586,0.008503253796095445,0.9260869565217391,0.3904382470119522,0.89,0.3943361529974255,logreg,CDC NHAMCS 2019 ED (n=13595)
0.06570048309178744,0.5964912280701754,0.11836379460400348,0.007982646420824295,0.9342995169082126,0.4035087719298246,0.9,0.3943361529974255,logreg,CDC NHAMCS 2019 ED (n=13595)
0.05652173913043478,0.5969387755102041,0.10326566637246248,0.006854663774403471,0.9434782608695652,0.40306122448979587,0.91,0.3943361529974255,logreg,CDC NHAMCS 2019 ED (n=13595)
0.049758454106280194,0.6023391812865497,0.09192324854975457,0.0059002169197396965,0.9502415458937198,0.39766081871345027,0.92,0.3943361529974255,logreg,CDC NHAMCS 2019 ED (n=13595)
0.04057971014492753,0.5915492957746479,0.0759493670886076,0.005032537960954447,0.9594202898550724,0.4084507042253521,0.93,0.3943361529974255,logreg,CDC NHAMCS 2019 ED (n=13595)
0.028019323671497585,0.5858585858585859,0.053480866758875055,0.003557483731019523,0.9719806763285024,0.41414141414141414,0.94,0.3943361529974255,logreg,CDC NHAMCS 2019 ED (n=13595)
0.015458937198067632,0.5161290322580645,0.0300187617260788,0.0026030368763557484,0.9845410628019323,0.4838709677419355,0.95,0.3943361529974255,logreg,CDC NHAMCS 2019 ED (n=13595)
0.006280193236714976,0.41935483870967744,0.012375059495478343,0.001561822125813449,0.993719806763285,0.5806451612903225,0.96,0.3943361529974255,logreg,CDC NHAMCS 2019 ED (n=13595)
0.001932367149758454,0.4444444444444444,0.003848003848003848,0.0004338394793926247,0.9980676328502416,0.5555555555555556,0.97,0.3943361529974255,logreg,CDC NHAMCS 2019 ED (n=13595)
0.0,0.0,0.0,0.0003470715835140998,1.0,1.0,0.98,0.3943361529974255,logreg,CDC NHAMCS 2019 ED (n=13595)
0.0,0.0,0.0,0.0002603036876355748,1.0,1.0,0.99,0.3943361529974255,logreg,CDC NHAMCS 2019 ED (n=13595)
0.9985507246376811,0.15282809611829945,0.2650849631292081,0.9941865509761388,0.0014492753623188692,0.8471719038817005,0.01,0.042221404928282455,xgboost,CDC NHAMCS 2019 ED (n=13595)
0.9985507246376811,0.15282809611829945,0.2650849631292081,0.9941865509761388,0.0014492753623188692,0.8471719038817005,0.02,0.042221404928282455,xgboost,CDC NHAMCS 2019 ED (n=13595)
0.9971014492753624,0.15423703482289644,0.26714988351022523,0.9820390455531454,0.0028985507246376274,0.8457629651771036,0.03,0.042221404928282455,xgboost,CDC NHAMCS 2019 ED (n=13595)
0.9879227053140096,0.16011587848418415,0.27556933027893815,0.9307592190889371,0.012077294685990392,0.8398841215158158,0.04,0.042221404928282455,xgboost,CDC NHAMCS 2019 ED (n=13595)
0.981159420289855,0.1630539499036609,0.27963651383725735,0.9045553145336226,0.018840579710144967,0.836946050096339,0.05,0.042221404928282455,xgboost,CDC NHAMCS 2019 ED (n=13595)
0.9618357487922705,0.17338674562396586,0.2938094886740943,0.8236008676789588,0.03816425120772948,0.8266132543760342,0.06,0.042221404928282455,xgboost,CDC NHAMCS 2019 ED (n=13595)
0.9323671497584541,0.18137393102152052,0.3036739831641885,0.7558351409978308,0.06763285024154586,0.8186260689784794,0.07,0.042221404928282455,xgboost,CDC NHAMCS 2019 ED (n=13595)
0.8879227053140096,0.19636752136752136,0.3216097987751531,0.6526681127982646,0.11207729468599037,0.8036324786324787,0.08,0.042221404928282455,xgboost,CDC NHAMCS 2019 ED (n=13595)
0.8338164251207729,0.2113124387855044,0.33717522953701895,0.5589587852494577,0.16618357487922708,0.7886875612144956,0.09,0.042221404928282455,xgboost,CDC NHAMCS 2019 ED (n=13595)
0.8178743961352657,0.22001299545159195,0.3467485919098822,0.5207809110629067,0.1821256038647343,0.7799870045484081,0.1,0.042221404928282455,xgboost,CDC NHAMCS 2019 ED (n=13595)
0.8,0.22579765475865832,0.352190557209698,0.49266811279826467,0.19999999999999996,0.7742023452413417,0.11,0.042221404928282455,xgboost,CDC NHAMCS 2019 ED (n=13595)
0.7695652173913043,0.2412174439733495,0.3673045884251787,0.4347939262472885,0.23043478260869565,0.7587825560266506,0.12,0.042221404928282455,xgboost,CDC NHAMCS 2019 ED (n=13595)
0.7338164251207729,0.2590381991814461,0.38290899924376104,0.3770065075921909,0.26618357487922706,0.7409618008185539,0.13,0.042221404928282455,xgboost,CDC NHAMCS 2019 ED (n=13595)
0.6917874396135266,0.26897069872276486,0.3873410873681363,0.33770065075921907,0.3082125603864734,0.7310293012772351,0.14,0.042221404928282455,xgboost,CDC NHAMCS 2019 ED (n=13595)
0.6328502415458938,0.28924707440936187,0.3970298530080315,0.2793058568329718,0.36714975845410625,0.7107529255906382,0.15,0.042221404928282455,xgboost,CDC NHAMCS 2019 ED (n=13595)
0.6038647342995169,0.3001921229586936,0.40102662816811036,0.2528416485900217,0.3961352657004831,0.6998078770413064,0.16,0.042221404928282455,xgboost,CDC NHAMCS 2019 ED (n=13595)
0.561352657004831,0.3163626463381432,0.4046665505833188,0.21787418655097615,0.43864734299516905,0.6836373536618567,0.17,0.042221404928282455,xgboost,CDC NHAMCS 2019 ED (n=13595)
0.5429951690821256,0.3267441860465116,0.40798548094373865,0.20095444685466377,0.45700483091787436,0.6732558139534883,0.18,0.042221404928282455,xgboost,CDC NHAMCS 2019 ED (n=13595)
0.5014492753623189,0.34496510468594216,0.4087418783225044,0.17101952277657267,0.49855072463768113,0.6550348953140579,0.19,0.042221404928282455,xgboost,CDC NHAMCS 2019 ED (n=13595)
0.478743961352657,0.3575036075036075,0.409334985543164,0.15453362255965292,0.521256038647343,0.6424963924963925,0.2,0.042221404928282455,xgboost,CDC NHAMCS 2019 ED (n=13595)
0.4676328502415459,0.36052141527001863,0.4071503680336488,0.14898047722342733,0.5323671497584541,0.6394785847299813,0.21,0.042221404928282455,xgboost,CDC NHAMCS 2019 ED (n=13595)
0.4579710144927536,0.3618320610687023,0.40426439232409384,0.1450759219088937,0.5420289855072464,0.6381679389312978,0.22,0.042221404928282455,xgboost,CDC NHAMCS 2019 ED (n=13595)
0.43043478260869567,0.3762668918918919,0.40153222172149616,0.12815618221258135,0.5695652173913044,0.6237331081081081,0.23,0.042221404928282455,xgboost,CDC NHAMCS 2019 ED (n=13595)
0.38405797101449274,0.42063492063492064,0.4015151515151515,0.09501084598698481,0.6159420289855073,0.5793650793650793,0.24,0.042221404928282455,xgboost,CDC NHAMCS 2019 ED (n=13595)
0.3705314009661836,0.4287311347121297,0.397512308888313,0.0886767895878525,0.6294685990338165,0.5712688652878704,0.25,0.042221404928282455,xgboost,CDC NHAMCS 2019 ED (n=13595)
0.3705314009661836,0.4292109681029659,0.39771843401607465,0.08850325379609544,0.6294685990338165,0.5707890318970341,0.26,0.042221404928282455,xgboost,CDC NHAMCS 2019 ED (n=13595)
0.3502415458937198,0.4367469879518072,0.38873994638069703,0.08112798264642082,0.6497584541062802,0.5632530120481928,0.27,0.042221404928282455,xgboost,CDC NHAMCS 2019 ED (n=13595)
0.3502415458937198,0.4370102471368294,0.3888441941539287,0.0810412147505423,0.6497584541062802,0.5629897528631707,0.28,0.042221404928282455,xgboost,CDC NHAMCS 2019 ED (n=13595)
0.34782608695652173,0.44171779141104295,0.3891891891891892,0.0789587852494577,0.6521739130434783,0.558282208588957,0.29,0.042221404928282455,xgboost,CDC NHAMCS 2019 ED (n=13595)
0.32463768115942027,0.4522207267833109,0.3779527559055118,0.0706290672451193,0.6753623188405797,0.5477792732166891,0.3,0.042221404928282455,xgboost,CDC NHAMCS 2019 ED (n=13595)
0.30821256038647343,0.4643377001455604,0.3704994192799071,0.06386117136659436,0.6917874396135266,0.5356622998544396,0.31,0.042221404928282455,xgboost,CDC NHAMCS 2019 ED (n=13595)
0.30676328502415456,0.46486090775988287,0.36961583236321305,0.06342733188720173,0.6932367149758454,0.5351390922401171,0.32,0.042221404928282455,xgboost,CDC NHAMCS 2019 ED (n=13595)
0.30483091787439615,0.46499631540162123,0.3682521155529618,0.0629934924078091,0.6951690821256038,0.5350036845983788,0.33,0.042221404928282455,xgboost,CDC NHAMCS 2019 ED (n=13595)
0.2893719806763285,0.4815112540192926,0.36149668074834035,0.05596529284164859,0.7106280193236715,0.5184887459807074,0.34,0.042221404928282455,xgboost,CDC NHAMCS 2019 ED (n=13595)
0.28695652173913044,0.4825345247766044,0.35989094213874584,0.05527114967462039,0.7130434782608696,0.5174654752233956,0.35,0.042221404928282455,xgboost,CDC NHAMCS 2019 ED (n=13595)
0.28357487922705316,0.48998330550918195,0.35924112607099146,0.05301518438177874,0.7164251207729468,0.510016694490818,0.36,0.042221404928282455,xgboost,CDC NHAMCS 2019 ED (n=13595)
0.27246376811594203,0.4964788732394366,0.3518402994385527,0.04963123644251627,0.7275362318840579,0.5035211267605634,0.37,0.042221404928282455,xgboost,CDC NHAMCS 2019 ED (n=13595)
0.27246376811594203,0.4964788732394366,0.3518402994385527,0.04963123644251627,0.7275362318840579,0.5035211267605634,0.38,0.042221404928282455,xgboost,CDC NHAMCS 2019 ED (n=13595)
0.23043478260869565,0.5156756756756756,0.31853088480801334,0.038872017353579175,0.7695652173913043,0.4843243243243244,0.39,0.042221404928282455,xgboost,CDC NHAMCS 2019 ED (n=13595)
0.21884057971014492,0.5367298578199052,0.3109128345916266,0.033926247288503256,0.7811594202898551,0.46327014218009477,0.4,0.042221404928282455,xgboost,CDC NHAMCS 2019 ED (n=13595)
0.2072463768115942,0.5464968152866242,0.30052539404553413,0.03088937093275488,0.7927536231884058,0.4535031847133758,0.41,0.042221404928282455,xgboost,CDC NHAMCS 2019 ED (n=13595)
0.19033816425120773,0.5588652482269504,0.28396396396396395,0.026984815618221258,0.8096618357487922,0.4411347517730496,0.42,0.042221404928282455,xgboost,CDC NHAMCS 2019 ED (n=13595)
0.18405797101449275,0.5669642857142857,0.2778993435448578,0.02524945770065076,0.8159420289855073,0.4330357142857143,0.43,0.042221404928282455,xgboost,CDC NHAMCS 2019 ED (n=13595)
0.17922705314009663,0.5690184049079755,0.27259368111682586,0.02438177874186551,0.8207729468599034,0.4309815950920245,0.44,0.042221404928282455,xgboost,CDC NHAMCS 2019 ED (n=13595)
0.1681159420289855,0.5742574257425742,0.2600896860986547,0.022386117136659434,0.8318840579710145,0.4257425742574258,0.45,0.042221404928282455,xgboost,CDC NHAMCS 2019 ED (n=13595)
0.15797101449275364,0.5891891891891892,0.24914285714285714,0.019783080260303686,0.8420289855072464,0.41081081081081083,0.46,0.042221404928282455,xgboost,CDC NHAMCS 2019 ED (n=13595)
0.14589371980676327,0.6003976143141153,0.2347454333462884,0.017440347071583515,0.8541062801932368,0.3996023856858847,0.47,0.042221404928282455,xgboost,CDC NHAMCS 2019 ED (n=13595)
0.14541062801932367,0.6007984031936128,0.2341501361338001,0.01735357917570499,0.8545893719806763,0.3992015968063872,0.48,0.042221404928282455,xgboost,CDC NHAMCS 2019 ED (n=13595)
0.14541062801932367,0.602,0.23424124513618677,0.017266811279826464,0.8545893719806763,0.398,0.49,0.042221404928282455,xgboost,CDC NHAMCS 2019 ED (n=13595)
0.14057971014492754,0.604989604989605,0.22814582516660134,0.01648590021691974,0.8594202898550725,0.39501039501039503,0.5,0.042221404928282455,xgboost,CDC NHAMCS 2019 ED (n=13595)
0.12995169082125604,0.619815668202765,0.21485623003194887,0.014316702819956615,0.870048309178744,0.380184331797235,0.51,0.042221404928282455,xgboost,CDC NHAMCS 2019 ED (n=13595)
0.12995169082125604,0.619815668202765,0.21485623003194887,0.014316702819956615,0.870048309178744,0.380184331797235,0.52,0.042221404928282455,xgboost,CDC NHAMCS 2019 ED (n=13595)
0.12028985507246377,0.631979695431472,0.2021103896103896,0.012581344902386117,0.8797101449275362,0.36802030456852797,0.53,0.042221404928282455,xgboost,CDC NHAMCS 2019 ED (n=13595)
0.11352657004830918,0.6368563685636857,0.1927019270192702,0.011626898047722344,0.8864734299516908,0.36314363143631434,0.54,0.042221404928282455,xgboost,CDC NHAMCS 2019 ED (n=13595)
0.11304347826086956,0.6410958904109589,0.1921971252566735,0.011366594360086768,0.8869565217391304,0.35890410958904106,0.55,0.042221404928282455,xgboost,CDC NHAMCS 2019 ED (n=13595)
0.11304347826086956,0.6410958904109589,0.1921971252566735,0.011366594360086768,0.8869565217391304,0.35890410958904106,0.56,0.042221404928282455,xgboost,CDC NHAMCS 2019 ED (n=13595)
0.11304347826086956,0.6410958904109589,0.1921971252566735,0.011366594360086768,0.8869565217391304,0.35890410958904106,0.57,0.042221404928282455,xgboost,CDC NHAMCS 2019 ED (n=13595)
0.10338164251207729,0.6407185628742516,0.17803660565723795,0.010412147505422993,0.8966183574879227,0.35928143712574845,0.58,0.042221404928282455,xgboost,CDC NHAMCS 2019 ED (n=13595)
0.0966183574879227,0.6472491909385113,0.16813787305590586,0.009457700650759219,0.9033816425120773,0.3527508090614887,0.59,0.042221404928282455,xgboost,CDC NHAMCS 2019 ED (n=13595)
0.08309178743961353,0.6370370370370371,0.147008547008547,0.008503253796095445,0.9169082125603865,0.36296296296296293,0.6,0.042221404928282455,xgboost,CDC NHAMCS 2019 ED (n=13595)
0.04541062801932367,0.6438356164383562,0.08483754512635379,0.004511930585683297,0.9545893719806763,0.3561643835616438,0.61,0.042221404928282455,xgboost,CDC NHAMCS 2019 ED (n=13595)
0.035265700483091786,0.6403508771929824,0.06684981684981685,0.003557483731019523,0.9647342995169083,0.35964912280701755,0.62,0.042221404928282455,xgboost,CDC NHAMCS 2019 ED (n=13595)
0.035265700483091786,0.6403508771929824,0.06684981684981685,0.003557483731019523,0.9647342995169083,0.35964912280701755,0.63,0.042221404928282455,xgboost,CDC NHAMCS 2019 ED (n=13595)
0.034782608695652174,0.6371681415929203,0.06596426935409987,0.003557483731019523,0.9652173913043478,0.36283185840707965,0.64,0.042221404928282455,xgboost,CDC NHAMCS 2019 ED (n=13595)
0.030917874396135265,0.6336633663366337,0.0589590050667895,0.003210412147505423,0.9690821256038648,0.36633663366336633,0.65,0.042221404928282455,xgboost,CDC NHAMCS 2019 ED (n=13595)
0.030917874396135265,0.6336633663366337,0.0589590050667895,0.003210412147505423,0.9690821256038648,0.36633663366336633,0.66,0.042221404928282455,xgboost,CDC NHAMCS 2019 ED (n=13595)
0.030917874396135265,0.6336633663366337,0.0589590050667895,0.003210412147505423,0.9690821256038648,0.36633663366336633,0.67,0.042221404928282455,xgboost,CDC NHAMCS 2019 ED (n=13595)
0.030917874396135265,0.6336633663366337,0.0589590050667895,0.003210412147505423,0.9690821256038648,0.36633663366336633,0.68,0.042221404928282455,xgboost,CDC NHAMCS 2019 ED (n=13595)
0.030917874396135265,0.6336633663366337,0.0589590050667895,0.003210412147505423,0.9690821256038648,0.36633663366336633,0.69,0.042221404928282455,xgboost,CDC NHAMCS 2019 ED (n=13595)
0.014009661835748793,0.7631578947368421,0.027514231499051234,0.0007809110629067246,0.9859903381642512,0.23684210526315785,0.7,0.042221404928282455,xgboost,CDC NHAMCS 2019 ED (n=13595)
0.014009661835748793,0.7631578947368421,0.027514231499051234,0.0007809110629067246,0.9859903381642512,0.23684210526315785,0.71,0.042221404928282455,xgboost,CDC NHAMCS 2019 ED (n=13595)
0.014009661835748793,0.7631578947368421,0.027514231499051234,0.0007809110629067246,0.9859903381642512,0.23684210526315785,0.72,0.042221404928282455,xgboost,CDC NHAMCS 2019 ED (n=13595)
0.007729468599033816,0.8,0.015311004784688996,0.0003470715835140998,0.9922705314009662,0.19999999999999996,0.73,0.042221404928282455,xgboost,CDC NHAMCS 2019 ED (n=13595)
0.007729468599033816,0.8,0.015311004784688996,0.0003470715835140998,0.9922705314009662,0.19999999999999996,0.74,0.042221404928282455,xgboost,CDC NHAMCS 2019 ED (n=13595)
0.003864734299516908,0.8,0.007692307692307693,0.0001735357917570499,0.996135265700483,0.19999999999999996,0.75,0.042221404928282455,xgboost,CDC NHAMCS 2019 ED (n=13595)
0.003381642512077295,0.7777777777777778,0.006734006734006734,0.0001735357917570499,0.9966183574879227,0.2222222222222222,0.76,0.042221404928282455,xgboost,CDC NHAMCS 2019 ED (n=13595)
0.002898550724637681,0.75,0.005774783445620789,0.0001735357917570499,0.9971014492753624,0.25,0.77,0.042221404928282455,xgboost,CDC NHAMCS 2019 ED (n=13595)
0.0014492753623188406,0.6,0.002891566265060241,0.0001735357917570499,0.9985507246376811,0.4,0.78,0.042221404928282455,xgboost,CDC NHAMCS 2019 ED (n=13595)
0.0014492753623188406,0.6,0.002891566265060241,0.0001735357917570499,0.9985507246376811,0.4,0.79,0.042221404928282455,xgboost,CDC NHAMCS 2019 ED (n=13595)
0.0014492753623188406,0.6,0.002891566265060241,0.0001735357917570499,0.9985507246376811,0.4,0.8,0.042221404928282455,xgboost,CDC NHAMCS 2019 ED (n=13595)
0.0014492753623188406,0.6,0.002891566265060241,0.0001735357917570499,0.9985507246376811,0.4,0.81,0.042221404928282455,xgboost,CDC NHAMCS 2019 ED (n=13595)
0.0014492753623188406,0.6,0.002891566265060241,0.0001735357917570499,0.9985507246376811,0.4,0.82,0.042221404928282455,xgboost,CDC NHAMCS 2019 ED (n=13595)
0.0014492753623188406,0.6,0.002891566265060241,0.0001735357917570499,0.9985507246376811,0.4,0.83,0.042221404928282455,xgboost,CDC NHAMCS 2019 ED (n=13595)
0.0014492753623188406,0.6,0.002891566265060241,0.0001735357917570499,0.9985507246376811,0.4,0.84,0.042221404928282455,xgboost,CDC NHAMCS 2019 ED (n=13595)
0.0014492753623188406,0.6,0.002891566265060241,0.0001735357917570499,0.9985507246376811,0.4,0.85,0.042221404928282455,xgboost,CDC NHAMCS 2019 ED (n=13595)
0.0014492753623188406,0.6,0.002891566265060241,0.0001735357917570499,0.9985507246376811,0.4,0.86,0.042221404928282455,xgboost,CDC NHAMCS 2019 ED (n=13595)
0.0014492753623188406,0.6,0.002891566265060241,0.0001735357917570499,0.9985507246376811,0.4,0.87,0.042221404928282455,xgboost,CDC NHAMCS 2019 ED (n=13595)
0.0014492753623188406,0.6,0.002891566265060241,0.0001735357917570499,0.9985507246376811,0.4,0.88,0.042221404928282455,xgboost,CDC NHAMCS 2019 ED (n=13595)
0.0014492753623188406,0.6,0.002891566265060241,0.0001735357917570499,0.9985507246376811,0.4,0.89,0.042221404928282455,xgboost,CDC NHAMCS 2019 ED (n=13595)
0.0014492753623188406,0.6,0.002891566265060241,0.0001735357917570499,0.9985507246376811,0.4,0.9,0.042221404928282455,xgboost,CDC NHAMCS 2019 ED (n=13595)
0.0014492753623188406,0.6,0.002891566265060241,0.0001735357917570499,0.9985507246376811,0.4,0.91,0.042221404928282455,xgboost,CDC NHAMCS 2019 ED (n=13595)
0.0014492753623188406,0.6,0.002891566265060241,0.0001735357917570499,0.9985507246376811,0.4,0.92,0.042221404928282455,xgboost,CDC NHAMCS 2019 ED (n=13595)
0.0014492753623188406,0.6,0.002891566265060241,0.0001735357917570499,0.9985507246376811,0.4,0.93,0.042221404928282455,xgboost,CDC NHAMCS 2019 ED (n=13595)
0.0014492753623188406,0.6,0.002891566265060241,0.0001735357917570499,0.9985507246376811,0.4,0.94,0.042221404928282455,xgboost,CDC NHAMCS 2019 ED (n=13595)
0.0014492753623188406,0.75,0.0028929604628736743,8.676789587852495e-05,0.9985507246376811,0.25,0.95,0.042221404928282455,xgboost,CDC NHAMCS 2019 ED (n=13595)
0.0014492753623188406,0.75,0.0028929604628736743,8.676789587852495e-05,0.9985507246376811,0.25,0.96,0.042221404928282455,xgboost,CDC NHAMCS 2019 ED (n=13595)
0.0014492753623188406,0.75,0.0028929604628736743,8.676789587852495e-05,0.9985507246376811,0.25,0.97,0.042221404928282455,xgboost,CDC NHAMCS 2019 ED (n=13595)
0.0014492753623188406,0.75,0.0028929604628736743,8.676789587852495e-05,0.9985507246376811,0.25,0.98,0.042221404928282455,xgboost,CDC NHAMCS 2019 ED (n=13595)
0.0014492753623188406,0.75,0.0028929604628736743,8.676789587852495e-05,0.9985507246376811,0.25,0.99,0.042221404928282455,xgboost,CDC NHAMCS 2019 ED (n=13595)
