alpha (miss target),Rule,Mean recall,SD,Frac. below $1-\alpha$,Mean precision,Data Source
0.05,marginal,0.966,0.015,0.145,0.169,"CDC NHAMCS 2019 ED (n=13,595)"
0.05,PAC ($\delta$=0.1),0.976,0.013,0.03,0.164,"CDC NHAMCS 2019 ED (n=13,595)"
0.1,marginal,0.924,0.023,0.155,0.183,"CDC NHAMCS 2019 ED (n=13,595)"
0.1,PAC ($\delta$=0.1),0.938,0.021,0.03,0.179,"CDC NHAMCS 2019 ED (n=13,595)"
0.15,marginal,0.884,0.033,0.125,0.196,"CDC NHAMCS 2019 ED (n=13,595)"
0.15,PAC ($\delta$=0.1),0.9,0.03,0.035,0.191,"CDC NHAMCS 2019 ED (n=13,595)"
0.2,marginal,0.832,0.038,0.22,0.212,"CDC NHAMCS 2019 ED (n=13,595)"
0.2,PAC ($\delta$=0.1),0.858,0.038,0.06,0.204,"CDC NHAMCS 2019 ED (n=13,595)"
0.3,marginal,0.737,0.043,0.175,0.243,"CDC NHAMCS 2019 ED (n=13,595)"
0.3,PAC ($\delta$=0.1),0.768,0.043,0.025,0.233,"CDC NHAMCS 2019 ED (n=13,595)"
