Model,Threshold,Recall,Precision,FPR,Under-triage,Over-triage,Abstention,Data Source
Logistic regression,0.05,1.0,0.152,0.999,0.0,0.848,0.394,CDC NHAMCS 2019 ED (n=13595)
Logistic regression,0.1,0.997,0.154,0.985,0.003,0.846,0.394,CDC NHAMCS 2019 ED (n=13595)
Logistic regression,0.15,0.991,0.158,0.949,0.009,0.842,0.394,CDC NHAMCS 2019 ED (n=13595)
Logistic regression,0.2,0.977,0.163,0.904,0.023,0.837,0.394,CDC NHAMCS 2019 ED (n=13595)
Logistic regression,0.25,0.958,0.169,0.845,0.042,0.831,0.394,CDC NHAMCS 2019 ED (n=13595)
Logistic regression,0.3,0.93,0.178,0.77,0.07,0.822,0.394,CDC NHAMCS 2019 ED (n=13595)
Logistic regression,0.4,0.811,0.214,0.536,0.189,0.786,0.394,CDC NHAMCS 2019 ED (n=13595)
Logistic regression,0.5,0.609,0.269,0.298,0.391,0.731,0.394,CDC NHAMCS 2019 ED (n=13595)
Logistic regression,0.7,0.278,0.469,0.056,0.722,0.531,0.394,CDC NHAMCS 2019 ED (n=13595)
Logistic regression,0.9,0.066,0.596,0.008,0.934,0.404,0.394,CDC NHAMCS 2019 ED (n=13595)
Primary (XGB+isotonic),0.05,0.981,0.163,0.905,0.019,0.837,0.042,CDC NHAMCS 2019 ED (n=13595)
Primary (XGB+isotonic),0.1,0.818,0.22,0.521,0.182,0.78,0.042,CDC NHAMCS 2019 ED (n=13595)
Primary (XGB+isotonic),0.15,0.633,0.289,0.279,0.367,0.711,0.042,CDC NHAMCS 2019 ED (n=13595)
Primary (XGB+isotonic),0.2,0.479,0.358,0.155,0.521,0.642,0.042,CDC NHAMCS 2019 ED (n=13595)
Primary (XGB+isotonic),0.25,0.371,0.429,0.089,0.629,0.571,0.042,CDC NHAMCS 2019 ED (n=13595)
Primary (XGB+isotonic),0.3,0.325,0.452,0.071,0.675,0.548,0.042,CDC NHAMCS 2019 ED (n=13595)
Primary (XGB+isotonic),0.4,0.219,0.537,0.034,0.781,0.463,0.042,CDC NHAMCS 2019 ED (n=13595)
Primary (XGB+isotonic),0.5,0.141,0.605,0.016,0.859,0.395,0.042,CDC NHAMCS 2019 ED (n=13595)
Primary (XGB+isotonic),0.7,0.014,0.763,0.001,0.986,0.237,0.042,CDC NHAMCS 2019 ED (n=13595)
Primary (XGB+isotonic),0.9,0.001,0.6,0.0,0.999,0.4,0.042,CDC NHAMCS 2019 ED (n=13595)
