fpr_grid,logreg_tpr_mean,xgb_tpr_mean
0.0,0.000966183574879227,0.012077294685990336
0.005025125628140704,0.04251207729468599,0.06618357487922706
0.010050251256281407,0.09758454106280193,0.09468599033816424
0.01507537688442211,0.12657004830917876,0.12077294685990339
0.020100502512562814,0.15217391304347827,0.15265700483091788
0.02512562814070352,0.17004830917874397,0.17632850241545892
0.03015075376884422,0.1966183574879227,0.19758454106280193
0.035175879396984924,0.21449275362318837,0.2164251207729469
0.04020100502512563,0.2314009661835749,0.23478260869565215
0.04522613065326633,0.24492753623188407,0.2458937198067633
0.05025125628140704,0.2594202898550725,0.26183574879227056
0.05527638190954774,0.27053140096618356,0.2797101449275362
0.06030150753768844,0.2821256038647343,0.2956521739130435
0.06532663316582915,0.29565217391304344,0.3144927536231884
0.07035175879396985,0.3091787439613526,0.3256038647342995
0.07537688442211056,0.3169082125603865,0.33574879227053145
0.08040201005025126,0.32608695652173914,0.34879227053140094
0.08542713567839195,0.3347826086956522,0.3531400966183575
0.09045226130653267,0.34444444444444444,0.36280193236714975
0.09547738693467336,0.3526570048309179,0.36811594202898557
0.10050251256281408,0.3603864734299517,0.3763285024154589
0.10552763819095477,0.36811594202898557,0.3859903381642512
0.11055276381909548,0.37681159420289856,0.39951690821256036
0.11557788944723618,0.3830917874396135,0.40772946859903386
0.12060301507537688,0.3917874396135266,0.4144927536231884
0.12562814070351758,0.40144927536231884,0.4231884057971015
0.1306532663316583,0.41014492753623183,0.4357487922705315
0.135678391959799,0.4144927536231884,0.4458937198067633
0.1407035175879397,0.41980676328502414,0.4541062801932367
0.1457286432160804,0.4241545893719807,0.4623188405797102
0.15075376884422112,0.42898550724637685,0.4695652173913044
0.15577889447236182,0.43526570048309177,0.4801932367149758
0.16080402010050251,0.4420289855072464,0.48405797101449277
0.1658291457286432,0.44830917874396137,0.48985507246376814
0.1708542713567839,0.4521739130434783,0.49565217391304345
0.17587939698492464,0.45845410628019323,0.5024154589371981
0.18090452261306533,0.463768115942029,0.5082125603864734
0.18592964824120603,0.4719806763285024,0.5183574879227053
0.19095477386934673,0.4811594202898551,0.5227053140096618
0.19597989949748745,0.48647342995169074,0.527536231884058
0.20100502512562815,0.49227053140096616,0.5347826086956522
0.20603015075376885,0.4966183574879227,0.5410628019323671
0.21105527638190955,0.5019323671497584,0.5468599033816426
0.21608040201005024,0.5106280193236715,0.5516908212560387
0.22110552763819097,0.5178743961352656,0.5545893719806764
0.22613065326633167,0.5265700483091788,0.5637681159420289
0.23115577889447236,0.5318840579710146,0.5734299516908212
0.23618090452261306,0.5371980676328503,0.5806763285024155
0.24120603015075376,0.5396135265700484,0.5855072463768116
0.24623115577889448,0.5473429951690821,0.5927536231884059
0.25125628140703515,0.5545893719806763,0.5971014492753624
0.2562814070351759,0.5565217391304348,0.6019323671497585
0.2613065326633166,0.5642512077294686,0.6057971014492753
0.2663316582914573,0.5705314009661835,0.6091787439613526
0.271356783919598,0.576328502415459,0.6120772946859903
0.2763819095477387,0.5811594202898551,0.6183574879227053
0.2814070351758794,0.5884057971014494,0.6241545893719807
0.2864321608040201,0.5961352657004831,0.6275362318840579
0.2914572864321608,0.6019323671497585,0.633816425120773
0.2964824120603015,0.6072463768115942,0.6391304347826087
0.30150753768844224,0.6115942028985508,0.6420289855072464
0.3065326633165829,0.6193236714975845,0.644927536231884
0.31155778894472363,0.6251207729468599,0.6541062801932367
0.3165829145728643,0.6323671497584542,0.6570048309178744
0.32160804020100503,0.6386473429951691,0.6618357487922706
0.32663316582914576,0.6444444444444445,0.667632850241546
0.3316582914572864,0.6468599033816425,0.6719806763285023
0.33668341708542715,0.6516908212560388,0.6739130434782609
0.3417085427135678,0.6560386473429952,0.678743961352657
0.34673366834170855,0.6603864734299517,0.6845410628019324
0.35175879396984927,0.6647342995169081,0.6869565217391304
0.35678391959798994,0.6690821256038648,0.6917874396135265
0.36180904522613067,0.6753623188405797,0.6946859903381642
0.36683417085427134,0.6806763285024153,0.6966183574879227
0.37185929648241206,0.6830917874396135,0.6995169082125604
0.3768844221105528,0.6869565217391304,0.7019323671497585
0.38190954773869346,0.6903381642512078,0.7043478260869566
0.3869346733668342,0.6951690821256038,0.7067632850241546
0.3919597989949749,0.7,0.7091787439613526
0.3969849246231156,0.7048309178743961,0.7140096618357488
0.4020100502512563,0.7091787439613527,0.7159420289855072
0.40703517587939697,0.7135265700483092,0.7178743961352657
0.4120603015075377,0.7159420289855073,0.7236714975845411
0.4170854271356784,0.7188405797101449,0.729951690821256
0.4221105527638191,0.7193236714975846,0.7333333333333333
0.4271356783919598,0.7202898550724638,0.7371980676328502
0.4321608040201005,0.7280193236714976,0.7410628019323672
0.4371859296482412,0.7323671497584542,0.7444444444444444
0.44221105527638194,0.7367149758454107,0.7463768115942029
0.4472361809045226,0.7410628019323673,0.7497584541062803
0.45226130653266333,0.7449275362318841,0.7541062801932367
0.457286432160804,0.7497584541062802,0.7574879227053141
0.4623115577889447,0.7555555555555555,0.7613526570048309
0.46733668341708545,0.7579710144927535,0.7623188405797101
0.4723618090452261,0.7628019323671497,0.7671497584541063
0.47738693467336685,0.7671497584541063,0.7719806763285024
0.4824120603015075,0.7690821256038647,0.7734299516908212
0.48743718592964824,0.7724637681159419,0.7782608695652175
0.49246231155778897,0.777294685990338,0.782608695652174
0.49748743718592964,0.7806763285024154,0.7859903381642511
0.5025125628140703,0.7850241545893719,0.7898550724637681
0.507537688442211,0.7903381642512077,0.7917874396135265
0.5125628140703518,0.7951690821256039,0.7961352657004831
0.5175879396984925,0.7990338164251207,0.7980676328502415
0.5226130653266332,0.8014492753623188,0.8019323671497585
0.5276381909547738,0.8057971014492754,0.8077294685990338
0.5326633165829145,0.808695652173913,0.8111111111111111
0.5376884422110553,0.8125603864734299,0.8154589371980677
0.542713567839196,0.8144927536231883,0.8188405797101449
0.5477386934673367,0.8183574879227052,0.8207729468599034
0.5527638190954774,0.8217391304347826,0.826086956521739
0.5577889447236181,0.8270531400966183,0.8294685990338164
0.5628140703517588,0.8294685990338164,0.8328502415458937
0.5678391959798995,0.8328502415458937,0.8338164251207729
0.5728643216080402,0.8357487922705313,0.8362318840579711
0.577889447236181,0.8371980676328503,0.8410628019323673
0.5829145728643216,0.8396135265700483,0.8444444444444444
0.5879396984924623,0.8410628019323673,0.8492753623188405
0.592964824120603,0.8444444444444444,0.8502415458937197
0.5979899497487438,0.8487922705314009,0.8516908212560386
0.6030150753768845,0.8526570048309179,0.855072463768116
0.6080402010050251,0.8550724637681159,0.8560386473429953
0.6130653266331658,0.8560386473429951,0.8584541062801933
0.6180904522613065,0.8579710144927537,0.8603864734299517
0.6231155778894473,0.8603864734299517,0.8618357487922704
0.628140703517588,0.8642512077294686,0.8657004830917874
0.6331658291457286,0.8671497584541064,0.8710144927536231
0.6381909547738693,0.8705314009661835,0.8719806763285025
0.6432160804020101,0.8743961352657005,0.8758454106280193
0.6482412060301508,0.8763285024154589,0.8763285024154589
0.6532663316582915,0.8787439613526569,0.8806763285024154
0.6582914572864321,0.8801932367149758,0.8826086956521738
0.6633165829145728,0.8821256038647343,0.8859903381642512
0.6683417085427136,0.88743961352657,0.888888888888889
0.6733668341708543,0.8898550724637682,0.8908212560386474
0.678391959798995,0.8942028985507247,0.8913043478260869
0.6834170854271356,0.8980676328502415,0.8946859903381641
0.6884422110552764,0.8995169082125603,0.898550724637681
0.6934673366834171,0.9014492753623188,0.9
0.6984924623115578,0.9033816425120772,0.9033816425120772
0.7035175879396985,0.903864734299517,0.9067632850241546
0.7085427135678392,0.9077294685990338,0.9101449275362319
0.7135678391959799,0.9086956521739129,0.9115942028985508
0.7185929648241206,0.9111111111111111,0.9144927536231885
0.7236180904522613,0.9125603864734299,0.9178743961352657
0.7286432160804021,0.9135265700483091,0.9193236714975846
0.7336683417085427,0.9164251207729469,0.9207729468599034
0.7386934673366834,0.9183574879227054,0.9231884057971016
0.7437185929648241,0.9222222222222222,0.9265700483091788
0.7487437185929648,0.9241545893719806,0.9285024154589372
0.7537688442211056,0.9251207729468598,0.9314009661835749
0.7587939698492463,0.9265700483091788,0.9328502415458937
0.7638190954773869,0.9285024154589372,0.9342995169082127
0.7688442211055276,0.9314009661835749,0.9357487922705314
0.7738693467336684,0.9328502415458937,0.9376811594202898
0.7788944723618091,0.9352657004830919,0.938647342995169
0.7839195979899498,0.9352657004830919,0.938647342995169
0.7889447236180904,0.9405797101449276,0.9405797101449276
0.7939698492462312,0.9420289855072465,0.9468599033816425
0.7989949748743719,0.9444444444444444,0.9487922705314011
0.8040201005025126,0.9468599033816425,0.9492753623188406
0.8090452261306533,0.9478260869565218,0.9507246376811596
0.8140703517587939,0.9502415458937199,0.9521739130434783
0.8190954773869347,0.952657004830918,0.9555555555555557
0.8241206030150754,0.9536231884057971,0.9579710144927537
0.8291457286432161,0.9545893719806763,0.9599033816425122
0.8341708542713568,0.9565217391304348,0.9603864734299516
0.8391959798994975,0.9579710144927537,0.961352657004831
0.8442211055276382,0.9603864734299519,0.9637681159420289
0.8492462311557789,0.9603864734299519,0.9652173913043478
0.8542713567839196,0.9623188405797102,0.9676328502415459
0.8592964824120604,0.9632850241545894,0.9695652173913043
0.864321608040201,0.9647342995169081,0.9705314009661835
0.8693467336683417,0.9661835748792271,0.9729468599033817
0.8743718592964824,0.9681159420289855,0.9739130434782609
0.8793969849246231,0.9695652173913043,0.9763285024154589
0.8844221105527639,0.9710144927536233,0.9768115942028986
0.8894472361809045,0.972463768115942,0.9772946859903382
0.8944723618090452,0.9739130434782609,0.9787439613526571
0.8994974874371859,0.9753623188405797,0.9792270531400966
0.9045226130653267,0.9753623188405797,0.9801932367149758
0.9095477386934674,0.9772946859903382,0.9816425120772946
0.914572864321608,0.9797101449275363,0.9816425120772946
0.9195979899497487,0.9835748792270531,0.9830917874396136
0.9246231155778895,0.9840579710144928,0.9869565217391305
0.9296482412060302,0.9855072463768115,0.9884057971014493
0.9346733668341709,0.9859903381642512,0.9884057971014493
0.9396984924623115,0.9888888888888889,0.9888888888888889
0.9447236180904522,0.9903381642512077,0.9893719806763285
0.949748743718593,0.9913043478260869,0.9893719806763285
0.9547738693467337,0.9927536231884059,0.9903381642512077
0.9597989949748744,0.9937198067632849,0.9913043478260869
0.964824120603015,0.9946859903381643,0.9917874396135264
0.9698492462311558,0.9956521739130434,0.9917874396135264
0.9748743718592965,0.996135265700483,0.9932367149758454
0.9798994974874372,0.9971014492753623,0.9942028985507246
0.9849246231155779,0.9975845410628018,0.9951690821256038
0.9899497487437187,0.9985507246376812,0.9975845410628018
0.9949748743718593,0.9995169082125603,0.9985507246376812
1.0,1.0,1.0
